#ASVID	post_pbs_1	post_pbs_2	post_pbs_3	post_pbs_4	post_pbs_5	post_pbs_6	post_pbs_7	post_pbs_8	post_propionate_1	post_propionate_2	post_propionate_3	post_propionate_4	post_propionate_5	post_propionate_6	post_propionate_7	post_propionate_8	post_tcd_1	post_tcd_2	post_tcd_3	post_tcd_4	pre_pbs_1	pre_pbs_2	pre_pbs_3	pre_pbs_4	pre_pbs_5	pre_pbs_6	pre_pbs_7	pre_pbs_8	pre_propionate_1	pre_propionate_2	pre_propionate_3	pre_propionate_4	pre_propionate_5	pre_propionate_6	pre_propionate_7	pre_propionate_8	pre_tcd_1	pre_tcd_2	pre_tcd_3	pre_tcd_4
seq1	23	847	549	2824	2987	2259	1359	926	1450	1998	444	1220	553	1066	1413	2820	4200	2436	11313	7015	631	12208	22292	5544	8277	4695	10283	6058	7683	9662	7546	29144	3087	6626	5439	8638	16184	8823	9775	8837
seq10	667	1454	196	517	437	86	136	135	302	532	99	52	0	0	42	240	493	339	691	103	2442	1297	3001	422	675	3251	182	94	256	95	310	231	2467	70	164	132	1301	1076	105	5941
seq100	0	402	178	18	167	68	28	15	47	66	0	0	0	0	0	11	0	305	410	0	65	463	19	68	64	132	0	0	0	0	0	0	112	0	0	0	0	22	0	177
seq101	0	0	0	0	0	0	0	0	67	91	0	98	55	0	0	205	107	139	193	237	0	0	0	0	0	0	143	0	137	0	133	370	0	165	283	180	0	0	183	0
seq102	0	0	0	0	0	0	0	0	0	0	0	0	0	0	0	0	0	0	0	0	148	0	42	0	0	0	86	65	93	63	107	2088	0	0	0	0	15	60	0	14
seq103	150	244	80	0	0	33	0	0	104	178	103	57	212	0	807	0	32	38	135	112	0	191	0	26	0	35	0	0	35	0	0	39	47	0	0	0	0	15	34	59
seq104	64	419	16	36	107	0	0	0	55	73	21	15	0	0	37	96	57	79	38	76	31	73	315	16	20	38	66	46	106	12	93	225	19	28	124	36	62	92	63	108
seq105	0	1203	0	0	596	39	99	38	0	0	0	0	0	0	0	68	0	251	219	0	0	108	11	30	55	0	0	0	0	0	0	0	0	0	0	0	0	0	0	0
seq106	0	0	0	0	0	0	0	0	384	497	292	375	188	58	245	540	0	0	0	0	0	0	0	0	0	0	0	0	0	0	0	0	0	0	0	0	0	0	0	0
seq107	0	119	65	102	0	27	0	0	59	69	78	101	0	0	0	0	164	592	744	381	0	0	0	0	0	0	0	0	0	0	0	0	0	0	0	0	0	0	0	0
seq108	189	307	91	49	30	38	0	0	67	102	73	78	0	0	76	27	40	87	90	0	25	173	401	99	82	0	0	0	22	0	19	27	0	0	68	19	48	116	20	25
seq109	36	52	82	27	200	25	0	0	170	145	23	0	21	0	173	154	11	139	57	25	14	257	19	0	0	96	0	0	44	11	42	125	54	44	32	19	150	108	60	62
seq11	762	1273	1075	198	1905	444	86	71	862	1421	119	0	307	0	978	1801	153	901	894	619	172	2131	408	66	38	487	220	90	932	80	1194	3638	398	534	203	83	2224	1386	582	497
seq110	33	103	0	139	219	59	92	87	57	95	60	124	166	80	208	448	52	101	270	78	0	0	0	0	0	0	0	0	0	0	0	0	0	0	0	0	0	0	0	0
seq111	0	36	56	14	180	30	34	39	147	299	27	24	22	0	174	311	68	0	14	101	48	26	178	0	0	38	17	11	49	0	35	97	55	64	16	0	47	63	76	63
seq112	56	0	0	0	173	72	27	23	14	19	0	0	18	14	15	50	33	47	114	35	57	159	141	53	68	17	57	37	91	63	89	125	32	89	92	69	266	54	101	62
seq113	142	232	70	0	0	0	0	0	92	164	121	56	175	0	788	0	41	37	111	88	0	166	0	0	0	0	0	0	0	0	0	38	44	0	0	0	0	0	0	52
seq114	65	135	19	126	49	24	42	26	17	25	15	33	21	0	61	134	0	18	27	0	0	0	335	0	0	0	71	42	58	50	67	200	0	100	138	118	121	94	113	0
seq115	130	262	75	65	0	0	0	0	116	200	0	0	11	0	110	23	0	0	0	124	0	244	0	21	0	110	0	0	75	0	59	107	89	102	0	0	0	64	145	129
seq116	52	33	17	13	53	13	0	0	23	29	12	0	0	0	22	53	13	125	46	14	63	256	76	72	34	136	26	26	20	0	45	148	89	51	36	19	19	50	82	461
seq117	78	105	0	98	324	116	130	121	70	100	47	37	113	59	138	269	43	103	176	48	0	0	0	0	0	0	0	0	0	0	0	0	0	0	0	0	0	0	0	0
seq118	0	73	0	0	84	0	0	0	0	85	0	0	0	0	144	90	0	0	0	55	41	43	735	0	0	0	39	0	128	0	132	112	0	39	35	0	0	180	54	61
seq119	0	26	25	0	194	103	70	25	28	23	17	21	27	18	33	55	21	28	94	34	26	91	202	23	42	29	0	14	38	0	39	67	21	49	27	92	224	102	73	65
seq12	415	740	624	142	1763	205	36	52	488	816	172	21	354	13	1278	1805	127	444	537	786	93	1142	384	35	0	298	342	136	550	87	802	4564	210	405	254	52	1396	1248	572	264
seq120	0	0	0	0	219	133	39	39	0	0	0	0	0	0	0	0	0	248	0	0	0	0	760	0	0	0	0	0	0	0	0	0	0	0	0	0	231	378	0	0
seq121	0	127	21	82	162	54	65	35	0	15	0	11	0	0	11	41	0	20	37	16	91	153	156	57	71	81	26	17	19	12	21	81	46	25	39	21	138	49	26	179
seq122	0	0	0	0	0	0	0	0	0	0	0	0	300	83	464	1082	0	0	0	0	0	0	0	0	0	0	0	0	0	0	0	0	0	0	0	0	0	0	0	0
seq123	29	79	0	54	64	43	45	28	0	0	0	0	0	0	0	0	0	25	16	0	132	279	158	107	135	115	0	0	0	0	0	0	78	0	0	0	133	58	0	336
seq124	77	94	0	0	24	12	0	12	65	121	19	0	32	0	267	123	28	64	20	35	53	85	80	16	11	37	31	27	0	0	16	178	50	35	20	0	24	48	33	144
seq125	0	0	0	0	0	0	0	0	0	0	0	0	306	110	445	532	111	90	175	57	0	0	0	0	0	0	0	0	0	0	0	0	0	0	0	0	0	0	0	0
seq126	0	12	33	0	104	134	0	0	0	65	0	0	0	0	35	64	0	0	30	0	0	74	0	0	0	30	0	0	186	0	161	73	65	130	0	0	387	43	161	35
seq127	0	0	0	0	771	214	301	229	50	97	61	69	0	0	0	20	0	0	0	0	0	0	0	0	0	0	0	0	0	0	0	0	0	0	0	0	0	0	0	0
seq128	91	258	36	148	274	145	147	99	77	88	39	51	13	0	26	0	49	92	103	66	0	0	0	0	0	0	0	0	0	0	0	0	0	0	0	0	0	0	0	0
seq129	47	47	0	0	76	94	57	89	15	56	0	0	17	0	41	0	0	20	0	23	0	93	40	0	0	19	0	0	184	14	114	56	46	149	0	0	298	50	120	0
seq13	933	1150	342	952	2614	1614	1376	1245	370	587	374	589	722	306	1021	2246	658	1620	2216	934	0	0	0	0	0	0	0	0	0	0	0	0	0	0	0	0	0	0	0	0
seq130	0	0	0	0	26	0	0	0	36	56	0	0	48	0	159	387	0	13	0	49	0	0	0	0	0	0	130	121	31	21	52	372	0	0	165	65	0	0	29	0
seq131	19	0	0	0	106	62	22	19	26	70	0	0	0	0	26	0	0	0	0	0	0	245	71	12	15	39	0	0	199	0	362	16	38	85	0	25	18	162	107	15
seq132	35	36	26	0	60	16	0	0	42	49	0	0	14	0	103	120	36	49	31	12	20	79	118	0	0	35	46	35	46	14	67	226	25	27	55	0	77	152	38	63
seq133	72	265	40	144	334	152	152	85	64	92	30	49	0	0	0	0	35	80	97	57	0	0	0	0	0	0	0	0	0	0	0	0	0	0	0	0	0	0	0	0
seq134	0	0	0	0	805	218	271	200	52	79	45	71	0	0	0	0	0	0	0	0	0	0	0	0	0	0	0	0	0	0	0	0	0	0	0	0	0	0	0	0
seq135	92	112	32	0	47	16	0	0	217	239	0	0	39	0	135	76	0	74	58	12	0	49	11	0	0	47	0	0	60	0	81	56	46	34	0	0	58	49	43	28
seq136	38	101	28	0	61	16	0	18	70	91	0	0	20	0	66	120	28	86	64	31	14	92	47	0	0	66	23	0	46	0	66	185	44	36	15	0	46	61	52	63
seq137	0	0	0	0	0	0	0	0	0	0	0	0	309	153	480	740	0	0	0	0	0	0	0	0	0	0	0	0	0	0	0	0	0	0	0	0	0	0	0	0
seq138	0	0	0	0	0	0	0	0	0	0	0	0	0	0	0	0	0	0	0	0	0	0	84	0	0	0	101	86	18	223	14	827	0	0	276	0	0	38	0	0
seq139	130	123	0	25	13	0	14	0	0	35	0	0	15	0	77	73	40	0	24	28	19	75	107	0	62	77	38	0	59	0	32	95	63	25	64	26	68	69	48	137
seq14	140	393	229	14	417	312	78	115	233	364	111	0	37	0	210	205	146	180	252	77	59	592	1376	25	13	418	82	75	1109	47	1358	5375	325	953	68	90	2641	1718	1241	552
seq140	96	185	31	101	0	0	0	0	0	22	0	0	83	62	78	180	69	179	428	132	0	0	0	0	0	0	0	0	0	0	0	0	0	0	0	0	0	0	0	0
seq141	91	30	22	40	0	0	23	0	76	111	0	0	34	35	29	340	26	53	197	120	0	12	53	0	0	0	41	17	0	57	0	78	0	27	25	28	24	27	25	0
seq142	0	0	0	0	0	32	0	0	165	251	29	0	11	0	118	29	25	0	0	46	0	0	243	0	0	0	0	0	63	0	87	34	0	48	0	12	206	158	68	0
seq143	62	0	31	0	75	29	0	0	128	164	47	0	75	0	468	277	23	42	36	0	0	45	32	0	0	0	0	0	0	0	13	0	0	0	0	0	0	65	0	0
seq144	0	0	0	0	0	0	0	0	0	0	0	0	12	0	18	0	0	0	0	0	0	370	0	0	0	117	0	0	157	31	177	199	159	102	0	0	0	14	133	104
seq145	0	0	0	0	0	0	0	0	0	0	0	0	0	0	0	0	0	0	0	0	57	269	0	61	67	99	137	105	102	108	104	181	113	0	0	0	0	0	0	189
seq146	0	0	23	0	38	0	0	0	70	108	28	0	0	0	98	211	13	37	46	12	0	28	13	0	0	48	0	0	93	0	118	248	0	88	0	0	81	29	115	23
seq147	15	0	0	17	0	0	0	0	20	20	17	42	0	0	84	211	0	18	12	55	0	14	284	0	0	0	140	65	30	0	36	89	0	11	158	36	21	79	35	24
seq148	53	0	0	30	28	0	0	0	0	0	0	0	0	0	0	42	0	26	52	0	63	149	67	53	63	14	84	57	52	32	0	134	0	78	190	29	35	55	127	17
seq149	0	0	0	0	73	0	0	0	0	0	0	0	0	0	0	21	0	0	22	0	0	115	13	0	0	0	39	33	116	57	58	115	0	175	15	44	410	19	203	0
seq15	0	0	0	0	39	0	51	44	104	187	120	217	266	221	259	861	0	0	0	0	221	2941	1060	1169	1473	198	718	435	607	619	457	1016	143	1120	1508	1209	1748	462	1163	296
seq150	14	16	0	12	41	0	15	0	17	19	0	12	27	0	49	82	0	18	46	20	0	240	41	39	44	17	25	0	92	20	77	44	30	100	14	24	141	23	118	41
seq151	0	0	0	0	188	82	0	0	0	0	0	0	0	0	0	0	62	0	0	0	0	0	945	0	0	0	0	0	0	0	0	0	0	0	0	0	0	234	0	0
seq152	27	57	0	19	64	15	26	0	17	35	14	0	27	0	51	98	0	26	20	26	21	79	71	24	15	24	33	29	58	36	64	111	24	61	47	50	88	33	64	45
seq153	61	161	0	49	0	0	0	0	0	84	44	0	0	14	149	281	0	0	59	99	43	73	0	0	45	31	40	27	24	0	0	38	0	31	52	0	0	0	0	83
seq154	43	168	133	33	0	0	0	0	81	86	0	27	33	0	154	258	0	0	52	98	0	69	0	39	0	0	0	0	0	0	27	39	45	0	26	30	0	0	43	0
seq155	54	74	13	20	121	0	0	0	53	80	17	0	12	0	87	155	41	81	35	12	0	63	0	0	0	20	0	0	53	0	83	123	33	31	0	0	60	43	43	25
seq156	65	20	0	0	30	0	0	0	55	93	0	0	62	0	78	220	0	31	39	0	0	0	0	0	0	0	0	0	76	0	97	213	45	85	0	13	28	0	123	23
seq157	0	0	0	0	86	62	136	107	0	0	0	0	44	128	133	313	18	15	301	45	0	0	0	0	0	0	0	0	0	0	0	0	0	0	0	0	0	0	0	0
seq158	0	0	0	0	0	0	0	0	169	273	43	23	30	0	275	0	31	0	0	134	0	0	80	0	0	0	0	0	53	0	96	41	0	19	0	0	83	19	0	0
seq159	37	50	60	24	84	0	16	0	75	68	36	0	26	0	69	152	0	112	44	22	0	45	30	0	0	0	0	11	46	0	40	77	21	44	17	14	56	52	38	0
seq16	718	3172	70	3792	1370	3981	3002	2006	113	157	217	592	140	187	221	595	0	0	0	0	0	0	0	0	0	0	0	0	0	0	0	0	0	0	0	0	0	0	0	0
seq160	13	0	276	0	55	88	24	22	0	0	0	0	0	0	39	0	28	0	0	0	50	0	83	0	0	0	0	0	0	0	24	0	0	0	0	99	406	142	0	0
seq161	38	30	0	20	84	14	13	0	0	0	0	20	15	0	25	66	20	38	26	34	20	94	79	30	20	19	38	23	19	17	37	86	22	40	53	63	130	42	33	34
seq162	0	0	0	53	241	0	0	0	0	0	0	0	19	0	75	319	11	162	13	99	0	0	20	0	0	0	24	0	0	0	0	37	0	98	0	12	0	36	115	0
seq163	0	0	75	0	0	0	0	0	44	70	0	0	0	0	0	20	0	290	130	0	0	540	0	25	0	28	21	21	0	0	0	0	34	0	0	0	0	0	0	24
seq164	0	0	0	0	0	0	0	0	0	0	0	0	0	0	0	0	0	0	0	0	51	125	0	14	0	253	0	0	15	0	16	165	277	0	0	0	98	27	11	259
seq165	0	0	0	0	0	0	0	0	0	17	141	201	18	0	334	224	0	0	0	0	0	0	107	0	0	0	44	20	19	0	15	38	0	0	65	16	0	30	0	0
seq166	0	0	0	0	0	0	0	0	0	0	0	0	0	0	0	0	0	0	42	0	0	184	34	22	0	35	12	0	173	27	103	142	79	117	0	21	133	14	86	58
seq167	0	98	0	0	58	11	0	0	54	65	22	0	0	0	95	57	20	60	31	33	15	69	132	14	0	0	26	20	33	0	36	52	33	27	21	11	21	57	33	50
seq168	12	92	24	79	133	0	0	0	46	61	25	34	13	0	54	136	21	39	21	48	20	47	70	18	20	11	30	31	0	0	11	14	0	0	51	0	28	13	13	27
seq169	47	34	76	0	91	21	13	0	80	106	16	0	18	0	80	88	20	39	82	30	0	50	0	0	0	0	13	0	33	0	52	90	16	28	0	17	40	32	29	0
seq17	28	217	178	246	460	39	59	53	73	116	63	96	50	41	74	189	119	301	431	195	336	1880	725	324	372	518	554	304	1074	466	971	1571	488	969	408	359	2649	360	1185	949
seq170	41	69	0	0	0	0	0	0	60	60	0	0	0	0	42	327	18	61	21	52	0	0	27	0	0	13	0	0	35	15	52	70	13	41	0	0	85	100	38	0
seq171	267	35	28	0	103	14	0	12	0	0	0	0	0	0	0	0	0	0	22	0	30	76	197	19	0	89	0	0	0	0	0	37	84	0	0	0	0	84	0	140
seq172	81	47	0	0	36	0	0	0	0	34	0	0	0	0	51	216	0	0	78	51	0	38	96	0	0	0	0	0	31	0	0	67	0	54	99	0	100	90	67	0
seq173	0	21	41	19	58	0	0	0	0	21	0	0	0	0	0	36	0	0	16	0	0	113	30	0	0	46	68	36	66	28	132	210	47	0	15	0	58	62	23	66
seq174	30	74	0	0	0	0	0	0	54	68	0	0	0	0	38	347	18	53	13	57	0	0	11	0	0	0	0	0	35	0	64	70	0	31	0	0	92	101	26	14
seq175	0	0	0	0	0	0	0	0	134	149	32	11	46	0	269	291	0	0	0	16	0	0	0	0	0	0	0	0	22	0	37	144	0	0	18	0	0	0	17	0
seq176	18	42	51	0	79	34	0	16	82	108	11	0	15	0	83	55	0	0	0	0	0	95	26	0	0	29	0	0	41	0	73	36	31	25	0	0	91	82	27	32
seq177	47	0	11	0	0	0	12	0	0	0	0	0	0	0	35	0	0	0	31	56	21	87	23	0	0	121	51	21	51	0	94	0	175	37	0	0	112	96	38	60
seq178	37	134	0	40	0	0	0	0	47	72	0	13	25	0	138	220	0	0	49	80	18	88	0	17	31	16	18	0	13	0	0	27	0	24	32	0	0	0	0	36
seq179	0	18	110	0	76	32	11	0	43	54	0	0	0	0	0	0	13	36	40	11	0	66	122	0	0	27	0	0	0	13	19	56	40	38	0	0	110	172	46	14
seq18	1422	679	766	282	2025	64	0	0	32	51	0	0	33	0	317	2612	41	1958	656	0	976	1846	409	255	205	232	1192	687	15	182	18	42	170	0	1057	0	87	159	0	405
seq180	43	19	0	0	0	22	0	0	0	0	0	0	50	0	334	43	11	25	17	37	0	0	118	0	0	30	63	29	0	0	0	32	45	17	19	0	18	44	26	105
seq181	29	95	0	28	0	41	11	23	0	0	0	0	0	0	0	25	0	22	0	0	69	37	314	0	15	30	69	38	12	13	15	0	23	11	0	0	82	98	0	43
seq182	11	11	13	0	49	36	0	0	29	35	12	0	22	0	69	100	0	0	28	0	0	80	11	0	0	50	30	17	30	11	42	190	84	0	0	0	18	54	14	80
seq183	17	0	64	14	0	0	0	0	17	15	0	0	0	21	0	0	0	0	353	0	0	77	153	26	0	41	0	0	35	0	57	0	47	0	0	0	0	122	15	50
seq184	0	0	0	0	0	0	0	0	0	0	0	0	0	0	14	0	0	0	0	0	27	256	0	0	0	107	0	0	83	21	102	140	118	74	0	0	20	0	74	70
seq185	0	0	0	142	175	20	0	0	0	0	16	25	0	0	0	52	15	65	158	45	0	0	118	0	0	0	16	0	0	0	0	11	0	0	35	19	123	62	0	0
seq186	0	27	69	0	46	27	0	0	79	101	15	0	18	0	118	228	0	55	24	27	0	57	28	0	0	0	11	0	13	0	24	29	0	19	0	0	22	38	13	0
seq187	0	0	0	0	0	0	0	0	0	20	0	21	0	31	0	0	0	0	0	0	0	0	79	0	0	0	65	34	69	46	41	90	0	127	153	0	177	0	110	0
seq188	0	0	41	16	302	114	72	66	0	0	0	0	80	16	97	256	0	0	0	0	0	0	0	0	0	0	0	0	0	0	0	0	0	0	0	0	0	0	0	0
seq189	0	0	17	0	29	0	0	0	0	15	12	0	114	0	324	0	26	35	46	60	0	97	37	0	0	0	14	0	0	0	0	93	14	24	0	0	0	47	34	0
seq19	0	1050	348	1950	1779	2615	1260	1038	879	1301	244	587	620	803	1160	2356	0	0	0	0	0	0	0	0	0	0	0	0	0	0	0	0	0	0	0	0	0	0	0	0
seq190	0	0	0	0	879	0	0	0	0	0	0	0	0	0	0	0	14	109	21	0	0	0	0	0	0	0	0	0	0	0	0	0	0	0	0	0	0	0	0	0
seq191	0	72	0	64	233	66	164	104	0	0	0	0	0	0	0	0	0	0	0	0	0	0	0	0	0	90	0	0	0	0	0	0	71	0	0	0	0	0	0	152
seq192	53	147	0	54	95	0	0	0	0	0	0	0	0	0	37	56	0	115	0	56	44	38	121	0	0	0	64	43	0	0	0	0	0	0	0	0	0	0	0	88
seq193	0	0	0	0	0	0	0	0	25	38	0	0	0	0	24	68	15	23	18	0	0	0	0	0	0	0	49	39	66	13	128	316	0	42	59	29	0	0	56	0
seq194	0	0	17	0	46	28	0	0	118	139	0	0	0	0	0	100	0	0	0	14	0	29	136	0	0	0	0	0	55	12	46	35	12	33	0	0	33	102	49	0
seq195	32	32	0	0	0	0	0	0	58	96	0	0	0	0	37	149	20	17	19	38	0	0	0	0	0	0	80	39	30	0	47	212	0	21	25	0	0	0	21	0
seq196	0	0	0	0	355	91	59	54	0	0	0	0	79	17	96	194	0	0	0	0	0	0	0	0	0	0	0	0	0	0	0	0	0	0	0	0	0	0	0	0
seq197	53	0	0	0	20	0	0	0	0	0	0	25	0	0	106	117	0	35	0	62	28	106	55	66	0	0	55	25	0	0	0	84	0	0	73	0	33	0	0	0
seq198	45	0	0	0	24	0	0	0	40	52	28	12	0	0	0	0	0	0	0	0	128	156	79	64	62	19	31	32	0	0	19	55	0	0	0	0	17	19	0	46
seq199	0	12	0	13	53	0	18	0	0	0	0	0	0	0	24	59	0	20	61	11	27	66	57	12	14	14	15	16	35	17	31	77	17	45	19	31	81	19	38	26
seq2	14	1299	76	750	3065	609	1932	1155	381	610	261	547	574	454	607	1463	1064	1526	4222	1220	1751	4105	7079	1480	2205	2824	5557	3314	8225	6281	6666	10640	2112	7546	12390	11494	23099	3251	9503	5035
seq20	720	486	371	100	584	146	24	24	545	845	50	23	200	0	779	583	92	605	425	185	83	1138	853	98	27	531	85	68	255	65	394	979	453	310	34	0	816	981	412	368
seq200	0	0	0	0	0	26	0	0	13	0	0	0	135	0	651	18	17	0	0	0	0	14	0	0	0	0	12	11	0	0	0	21	0	0	0	0	0	0	0	0
seq201	0	79	0	0	0	0	0	0	41	73	62	0	12	0	65	0	22	17	22	0	0	44	57	0	0	0	0	0	55	0	61	74	0	56	0	37	28	20	65	0
seq202	18	13	0	0	38	0	0	0	22	32	0	0	16	0	41	29	0	19	43	0	0	59	0	0	0	28	15	0	32	0	54	168	34	30	0	0	73	39	47	17
seq203	0	0	0	0	0	0	0	0	28	67	0	0	0	0	132	171	0	0	0	15	14	86	0	21	44	28	24	18	0	11	0	52	25	16	11	0	0	0	17	85
seq204	0	0	0	0	109	0	40	60	0	0	0	0	0	0	0	547	0	0	0	0	0	0	0	0	0	30	0	0	0	0	0	0	29	0	0	0	0	29	0	16
seq205	0	0	0	0	0	0	0	0	0	0	0	0	114	76	203	294	58	28	73	0	0	0	0	0	0	0	0	0	0	0	0	0	0	0	0	0	0	0	0	0
seq206	0	92	0	11	0	19	0	0	0	21	0	0	0	0	15	33	12	32	39	0	17	39	0	0	0	22	0	0	117	14	91	69	23	42	0	0	33	20	47	35
seq207	33	0	17	0	54	0	0	0	58	53	26	0	0	0	52	126	0	44	0	27	0	37	79	0	0	15	25	11	26	0	16	42	11	16	26	0	0	22	0	24
seq208	15	48	24	25	52	0	0	0	18	41	0	0	0	0	28	85	12	25	13	44	50	33	78	0	0	20	0	0	16	0	32	43	0	14	0	26	0	21	11	61
seq209	0	67	0	0	17	21	26	14	0	0	23	0	0	0	0	0	0	14	28	34	0	51	26	0	14	0	35	26	0	43	0	48	0	74	14	33	114	14	97	0
seq21	1257	658	194	775	1729	723	566	530	601	994	458	519	596	117	673	907	237	942	1454	436	0	0	0	0	0	0	0	0	0	0	0	0	0	0	0	0	0	0	0	0
seq210	0	0	78	32	79	76	58	30	100	136	76	166	0	0	0	0	0	0	0	0	0	0	0	0	0	0	0	0	0	0	0	0	0	0	0	0	0	0	0	0
seq211	0	46	24	0	25	11	0	0	62	92	0	0	11	0	34	84	28	0	12	14	0	24	24	0	0	16	27	17	12	0	23	106	0	18	19	0	35	12	26	25
seq212	0	0	96	0	0	0	0	0	0	0	0	0	0	0	0	0	0	0	0	0	25	331	0	14	0	113	0	0	0	0	0	0	106	0	0	0	0	0	0	118
seq213	62	0	0	0	79	16	0	0	74	85	0	0	0	0	21	104	22	61	0	0	12	17	32	0	0	0	16	0	26	13	36	37	0	0	0	0	47	26	16	0
seq214	67	77	16	69	87	45	60	45	50	55	38	41	36	0	58	56	0	0	0	0	0	0	0	0	0	0	0	0	0	0	0	0	0	0	0	0	0	0	0	0
seq215	0	0	28	32	0	0	0	0	0	39	0	38	0	0	0	0	62	199	271	129	0	0	0	0	0	0	0	0	0	0	0	0	0	0	0	0	0	0	0	0
seq216	28	0	0	16	47	0	0	0	0	0	0	0	0	0	52	122	103	55	63	0	0	55	22	0	0	11	44	40	0	0	0	61	16	0	29	0	0	0	0	25
seq217	113	126	58	33	0	0	0	0	0	0	0	0	87	0	116	217	0	0	0	0	0	0	0	0	0	0	0	0	0	0	0	0	0	0	0	0	0	0	0	0
seq218	25	0	25	0	0	0	0	0	49	125	18	0	0	0	63	54	0	22	59	14	0	37	0	0	0	0	0	0	16	0	23	78	12	56	0	0	0	0	71	0
seq219	16	45	17	14	19	0	0	0	19	24	11	0	0	0	0	72	17	0	28	17	0	35	56	16	0	14	45	22	21	0	24	32	0	17	36	0	27	0	13	76
seq22	1475	1626	588	1091	3451	1779	856	619	285	365	0	0	624	0	559	93	0	0	0	0	0	0	0	0	0	0	0	0	0	0	0	0	0	0	0	0	0	0	0	0
seq220	0	12	0	0	0	13	16	15	17	15	0	0	0	0	24	80	0	0	0	0	18	26	97	0	0	14	27	23	21	0	26	55	13	30	29	12	75	27	23	23
seq221	53	53	0	12	140	0	0	11	37	69	21	27	0	0	0	0	13	0	22	18	13	0	0	0	0	0	13	15	0	24	0	96	0	0	55	15	0	0	20	0
seq222	0	0	0	0	51	38	0	0	13	13	0	0	0	0	0	0	0	0	36	0	0	0	0	0	0	15	0	0	109	0	70	41	29	58	0	0	163	27	58	0
seq223	31	0	41	0	0	0	0	0	35	51	0	0	0	0	14	232	0	0	0	36	0	21	18	0	0	0	0	18	29	0	39	36	0	26	0	0	36	27	24	0
seq224	0	0	0	0	0	0	0	0	0	0	0	0	0	0	0	24	0	0	0	0	0	29	12	0	0	0	0	0	147	0	347	23	0	23	0	0	28	27	48	0
seq225	0	0	0	0	0	0	0	74	0	0	0	0	0	0	74	0	0	228	307	0	0	0	0	0	0	0	0	0	0	0	0	0	0	0	0	0	0	0	0	0
seq226	83	38	0	41	100	59	62	64	0	0	0	0	42	25	70	98	0	0	0	0	0	0	0	0	0	0	0	0	0	0	0	0	0	0	0	0	0	0	0	0
seq227	0	0	0	0	0	73	0	14	86	101	0	0	0	0	0	38	85	0	0	55	0	0	21	0	0	0	12	0	0	0	0	72	0	15	14	0	36	32	25	0
seq228	36	34	42	0	0	22	0	0	29	56	23	0	16	0	47	51	0	0	0	0	0	47	12	0	0	0	0	0	52	0	28	35	0	0	0	0	0	92	0	47
seq229	31	24	0	0	13	19	12	0	46	47	0	0	22	0	70	103	0	77	61	0	0	50	0	0	0	30	0	0	0	0	0	0	39	0	0	0	0	0	0	18
seq23	159	261	0	724	0	0	0	0	0	0	0	0	0	0	0	0	0	337	608	0	118	758	1174	426	375	127	0	0	0	0	0	0	93	0	242	0	6768	259	0	183
seq230	0	20	41	0	68	11	0	0	21	47	0	0	0	0	17	40	0	22	43	0	0	24	0	0	0	12	0	0	54	0	53	32	35	18	0	0	58	19	27	0
seq231	24	0	0	0	0	0	0	0	0	0	0	0	0	0	90	17	15	0	0	0	17	0	84	0	0	0	22	0	63	0	98	113	0	0	16	19	20	21	14	24
seq232	12	44	24	0	26	0	0	0	36	22	14	0	0	0	39	47	11	20	24	0	0	31	28	0	0	18	0	0	18	0	13	34	0	0	0	0	90	49	21	31
seq233	0	36	12	0	0	0	0	0	0	0	0	0	14	0	30	104	70	79	73	0	0	46	29	15	11	0	36	0	0	0	0	37	0	0	38	0	0	15	0	0
seq234	31	48	0	21	18	0	0	0	23	41	0	0	0	0	39	32	20	0	0	0	0	72	24	0	0	54	0	0	12	0	14	37	34	0	0	0	17	23	15	54
seq235	0	24	0	0	34	0	11	0	18	13	13	0	13	0	94	27	0	20	21	0	0	28	0	0	0	15	0	0	61	0	97	0	0	37	0	0	29	31	28	0
seq236	41	0	0	0	51	0	0	0	0	0	0	0	0	0	32	66	18	67	58	0	0	55	0	0	0	34	0	0	0	0	40	44	18	26	0	0	26	0	23	0
seq237	64	0	19	0	0	0	0	0	16	17	0	0	0	13	49	41	0	0	0	0	14	0	48	0	0	19	0	0	32	0	35	0	12	12	99	0	0	29	21	57
seq238	15	0	0	0	45	25	0	0	0	13	0	0	0	0	0	0	0	0	30	0	0	56	42	23	30	0	17	0	25	24	26	25	0	19	27	24	95	0	28	0
seq239	28	0	0	0	0	0	0	0	47	37	0	0	30	0	89	68	13	38	11	0	0	45	0	0	0	22	0	0	33	0	27	0	11	18	0	0	0	34	25	12
seq24	14	106	122	449	3790	215	219	120	38	84	89	151	136	635	127	206	224	376	889	179	71	711	0	294	439	51	0	0	0	0	11	125	31	117	173	40	115	0	146	69
seq240	24	0	0	0	0	0	0	0	0	0	0	0	90	33	93	345	0	0	0	0	0	0	0	0	0	0	0	0	0	0	0	0	0	0	0	0	0	0	0	0
seq241	24	29	0	0	0	0	0	0	28	42	0	0	0	0	23	181	0	18	12	20	0	0	16	0	0	0	15	0	29	0	20	28	0	0	0	0	43	46	0	0
seq242	0	0	0	0	0	0	0	0	0	0	0	0	0	0	0	0	0	0	37	0	0	44	94	0	36	12	40	0	18	0	0	126	0	0	21	46	53	43	0	0
seq243	0	14	18	27	0	0	0	0	26	34	75	120	29	44	47	136	0	0	0	0	0	0	0	0	0	0	0	0	0	0	0	0	0	0	0	0	0	0	0	0
seq244	38	22	0	0	23	36	66	38	0	0	0	0	28	0	23	0	11	0	82	0	0	0	0	0	0	0	0	0	14	0	0	31	0	0	22	15	98	0	17	0
seq245	0	0	0	0	0	0	0	0	0	28	0	0	28	0	46	0	0	27	0	0	0	0	0	0	0	0	0	0	14	0	31	37	0	102	0	0	70	0	154	0
seq246	0	0	0	0	0	0	0	0	0	0	0	0	113	0	147	276	0	0	0	0	0	0	0	0	0	0	0	0	0	0	0	0	0	0	0	0	0	0	0	0
seq247	34	0	0	0	15	0	0	0	0	0	0	0	0	0	0	24	0	0	0	0	0	0	157	0	0	0	0	0	0	0	0	0	0	0	0	0	251	53	0	0
seq248	0	0	0	0	19	0	0	0	13	16	0	0	0	0	12	60	0	22	0	0	0	17	0	0	0	20	0	0	44	0	53	102	16	32	0	0	0	50	23	18
seq249	0	38	0	11	69	0	14	0	0	0	14	0	0	0	16	34	0	0	44	16	32	0	0	0	0	0	0	0	41	0	41	14	12	20	50	0	24	0	27	0
seq25	65	254	87	97	240	102	35	61	190	240	69	40	0	0	119	457	249	227	101	245	263	184	2701	91	110	111	499	314	333	54	293	697	50	171	288	53	286	609	134	271
seq250	22	46	66	12	42	23	0	0	13	32	0	0	0	0	0	130	0	0	0	0	0	0	53	0	0	0	13	0	0	0	11	0	0	0	0	0	17	21	0	13
seq251	52	238	0	18	0	0	0	0	0	0	0	0	0	0	0	0	24	0	0	152	0	0	0	0	0	0	0	0	0	0	0	0	0	0	0	0	22	0	0	0
seq252	0	0	0	0	0	0	0	0	0	0	0	0	0	0	0	70	0	0	0	0	48	0	118	0	0	0	54	46	0	0	0	53	0	0	37	0	0	0	0	70
seq253	19	11	79	0	42	0	0	0	0	0	0	0	0	0	0	35	0	18	0	12	0	121	0	0	0	0	0	0	0	0	0	0	26	0	0	0	50	64	16	0
seq254	0	0	78	0	78	126	100	65	0	0	0	0	0	0	0	15	0	0	0	0	0	0	0	0	0	0	0	0	0	0	0	0	0	0	0	0	0	0	0	0
seq255	0	0	0	0	147	48	90	48	0	0	0	0	0	0	0	0	0	0	0	0	0	0	0	0	0	0	0	0	0	0	0	0	39	0	0	0	0	0	0	90
seq256	0	0	0	0	38	24	0	0	78	120	0	0	0	0	0	11	0	0	0	0	15	12	59	0	0	0	0	15	0	0	0	25	0	0	0	0	0	34	0	26
seq257	0	0	0	0	40	28	0	0	0	0	0	0	0	0	12	0	0	0	58	0	0	22	116	13	0	0	0	0	13	0	0	0	0	18	0	0	71	41	24	0
seq258	0	35	0	0	32	0	0	0	36	52	0	0	0	0	23	43	13	0	0	0	0	0	74	0	0	0	0	0	0	0	0	15	0	0	18	0	71	14	0	25
seq259	0	0	0	0	0	0	0	0	0	0	0	0	0	0	0	114	0	0	0	0	0	0	0	0	0	0	47	67	15	32	0	132	0	22	0	0	0	0	22	0
seq26	173	334	637	301	320	183	0	0	239	426	82	30	95	65	485	2367	84	153	325	307	101	122	517	20	16	0	139	82	14	15	0	303	0	82	582	12	726	471	113	0
seq260	19	19	118	0	0	0	0	0	39	86	0	0	0	0	0	57	40	0	72	0	0	0	0	0	0	0	0	0	0	0	0	0	0	0	0	0	0	0	0	0
seq261	22	19	0	0	21	15	0	0	33	48	0	0	0	0	37	78	0	11	0	15	0	11	24	0	0	0	0	0	14	0	16	20	0	16	15	0	0	0	17	13
seq262	0	0	0	0	0	111	0	27	0	0	0	0	0	0	0	0	0	146	0	0	0	0	0	0	0	0	0	0	0	0	0	0	0	83	0	0	11	0	65	0
seq263	0	0	0	0	52	0	0	23	18	38	0	0	0	0	0	78	0	36	0	0	0	34	0	0	0	0	0	0	28	0	19	19	0	30	0	0	30	0	32	0
seq264	19	0	0	0	36	0	0	0	13	23	0	0	0	0	0	61	0	0	0	0	12	0	11	0	0	12	0	0	46	0	42	0	11	0	0	75	16	0	0	49
seq265	0	0	0	25	63	17	13	0	0	0	0	0	0	0	0	0	0	0	0	15	0	33	0	0	13	0	0	0	60	0	68	0	0	17	0	21	53	0	0	23
seq266	0	13	33	0	26	0	0	0	21	20	14	0	11	0	56	50	0	28	0	0	0	27	0	0	0	16	0	0	12	0	13	33	0	12	0	0	0	34	0	0
seq267	0	0	0	0	0	0	0	0	0	0	0	0	0	0	0	0	0	0	0	0	0	0	0	66	105	0	0	0	0	0	0	0	0	0	114	121	0	0	0	0
seq268	0	0	0	0	0	0	0	0	0	0	0	0	0	0	0	0	0	0	0	0	41	86	33	0	0	0	36	0	0	0	42	50	0	0	111	0	0	0	0	0
seq269	0	14	0	0	38	0	0	0	0	0	0	0	20	0	17	36	0	15	15	16	0	41	27	0	0	0	11	0	0	0	21	33	0	23	29	0	0	11	21	11
seq27	52	297	165	76	333	130	0	13	243	321	97	47	73	0	444	375	170	103	57	272	175	163	2713	64	44	122	139	118	419	28	554	425	99	142	145	122	97	602	191	269
seq270	0	0	53	0	76	112	78	80	0	0	0	0	0	0	0	0	0	0	0	0	0	0	0	0	0	0	0	0	0	0	0	0	0	0	0	0	0	0	0	0
seq271	0	0	0	0	0	0	0	0	0	0	0	0	0	0	0	0	0	0	0	0	117	0	0	0	0	141	0	0	0	0	0	0	139	0	0	0	0	0	0	0
seq272	59	0	0	0	0	0	0	0	0	0	0	0	0	0	0	0	0	21	52	0	11	0	135	0	0	0	0	0	0	21	0	0	0	0	21	0	0	59	17	0
seq273	20	0	0	0	0	0	0	0	0	11	0	0	0	0	0	0	0	0	0	0	0	0	0	0	0	23	0	0	48	0	107	76	0	22	0	0	35	18	35	0
seq274	0	0	0	0	0	0	0	0	0	0	0	0	13	0	92	280	0	0	0	0	0	0	0	0	0	0	0	0	0	0	0	0	0	0	0	0	0	0	0	0
seq275	127	170	0	81	0	0	0	0	0	0	0	0	0	0	0	0	0	0	0	0	0	0	0	0	0	0	0	0	0	0	0	0	0	0	0	0	0	0	0	0
seq276	0	0	0	0	0	0	0	0	0	0	0	0	0	0	0	0	0	0	0	0	0	60	0	0	0	0	0	0	53	0	49	96	11	39	0	0	33	0	35	0
seq277	56	21	0	0	18	21	0	0	0	0	0	0	0	0	27	105	0	57	31	0	0	27	0	0	0	0	0	0	0	0	0	12	0	0	0	0	0	0	0	0
seq278	35	0	0	0	0	71	0	0	0	0	0	0	0	0	0	41	0	0	0	0	0	0	0	0	0	35	0	0	0	0	0	0	43	0	0	0	121	0	0	22
seq279	0	0	0	0	42	0	0	0	0	0	0	0	0	0	0	19	0	16	0	0	24	0	38	0	0	0	34	25	39	0	30	47	0	0	36	0	0	0	0	17
seq28	672	222	213	430	3241	77	0	0	47	40	63	52	15	63	36	871	0	167	1891	432	0	186	389	65	89	0	0	0	0	0	0	0	0	0	0	0	175	171	0	0
seq280	0	0	0	0	0	0	0	0	0	0	0	0	0	0	52	109	0	0	0	0	0	0	0	0	0	0	44	0	0	0	0	117	0	0	37	0	0	0	0	0
seq281	0	0	0	0	0	0	0	0	0	21	0	0	0	0	0	0	0	17	12	0	0	0	0	0	0	0	0	0	0	0	0	47	0	0	0	0	244	17	0	0
seq282	0	0	0	0	63	0	0	0	0	0	0	0	19	0	172	102	0	0	0	0	0	0	0	0	0	0	0	0	0	0	0	0	0	0	0	0	0	0	0	0
seq283	27	0	0	0	26	22	0	0	0	0	0	0	0	0	0	18	0	12	16	0	0	13	20	0	0	0	0	0	47	0	63	17	0	0	0	0	0	58	12	0
seq284	0	0	0	0	0	62	0	0	0	0	0	0	0	0	0	0	0	0	0	0	0	0	0	0	0	0	0	0	0	0	0	0	0	0	0	0	287	0	0	0
seq285	125	33	0	47	41	43	16	37	0	0	0	0	0	0	0	0	0	0	0	0	0	0	0	0	0	0	0	0	0	0	0	0	0	0	0	0	0	0	0	0
seq286	0	0	0	0	21	0	0	0	0	0	0	0	0	0	0	0	0	0	0	0	0	0	56	0	0	0	0	0	17	0	13	77	0	11	23	0	49	66	0	0
seq287	0	0	0	0	112	43	0	0	0	0	0	0	0	0	0	39	0	0	40	0	0	0	0	0	0	0	0	0	0	0	0	0	0	0	0	0	96	0	0	0
seq288	0	16	0	0	0	0	0	0	0	0	0	0	0	0	0	0	0	85	0	0	26	182	0	0	14	0	0	0	0	0	0	0	0	0	0	0	0	0	0	0
seq289	0	0	0	0	0	0	0	0	0	0	59	108	0	46	0	109	0	0	0	0	0	0	0	0	0	0	0	0	0	0	0	0	0	0	0	0	0	0	0	0
seq29	0	0	0	0	0	0	0	0	0	0	0	0	0	0	0	0	0	33	37	20	223	760	363	184	206	336	309	170	417	203	313	684	315	872	722	414	1284	175	929	591
seq290	0	0	0	0	41	0	0	0	12	23	0	0	0	0	11	0	0	0	0	0	0	23	0	0	0	15	0	0	0	0	15	43	18	11	0	0	66	27	14	0
seq291	0	0	0	0	38	0	0	0	26	42	0	0	0	0	11	70	0	0	0	0	0	0	0	0	0	0	0	0	13	0	18	46	0	23	0	0	0	12	20	0
seq292	0	0	0	0	60	0	0	0	0	0	0	0	0	0	0	0	0	0	0	0	0	0	0	0	0	0	0	0	43	0	53	78	0	46	0	0	0	0	38	0
seq293	0	0	0	0	17	25	0	0	82	101	0	0	0	0	0	20	0	0	0	0	0	0	0	0	0	0	0	0	15	0	30	15	0	12	0	0	0	0	0	0
seq294	0	23	0	0	44	11	11	0	0	0	0	0	0	0	0	12	0	11	34	16	0	0	0	0	0	0	0	0	0	0	0	40	0	30	26	15	24	0	19	0
seq295	12	0	0	0	0	0	0	0	12	14	0	0	0	0	17	25	0	0	0	0	0	21	62	0	0	0	0	0	15	0	20	20	14	0	11	0	21	46	0	0
seq296	0	0	0	0	19	13	0	0	0	12	0	0	0	0	0	12	0	0	15	0	0	16	0	0	0	11	0	0	23	0	47	16	0	18	0	0	62	18	28	0
seq297	39	0	0	0	53	0	0	0	0	0	0	0	0	0	0	0	0	24	35	0	40	0	13	0	0	0	0	0	28	0	38	0	0	0	0	0	27	0	0	12
seq298	0	0	0	0	22	0	0	0	13	25	0	0	0	0	0	0	0	0	0	0	0	63	0	0	0	0	16	0	11	0	13	37	0	18	14	0	40	0	35	0
seq299	14	29	0	11	23	0	0	0	0	20	0	0	0	0	22	48	0	12	0	0	0	13	38	0	0	0	0	0	0	0	11	23	0	0	0	0	25	15	0	0
seq3	0	86	0	102	255	176	340	253	830	1481	943	1821	2084	1622	1990	5982	77	83	198	143	1468	21080	7728	7862	10556	1276	5179	3246	4357	4262	3621	8142	1081	8490	10823	8897	13923	3369	9008	2298
seq30	820	837	157	542	1211	503	451	438	229	364	133	246	0	0	0	0	376	896	1796	494	0	0	0	0	0	0	0	0	0	0	0	0	0	0	0	0	0	0	0	0
seq300	0	0	0	0	12	0	0	0	0	0	0	0	0	0	0	14	0	31	17	0	0	38	30	0	0	0	0	0	0	0	0	24	0	0	0	0	17	120	0	0
seq301	0	0	0	0	58	14	0	0	0	0	0	0	0	0	66	26	0	0	12	0	0	0	15	0	0	0	0	0	0	0	19	35	0	0	0	0	17	36	0	0
seq302	0	56	0	14	0	89	0	0	0	0	0	0	14	0	32	90	0	0	0	0	0	0	0	0	0	0	0	0	0	0	0	0	0	0	0	0	0	0	0	0
seq303	0	0	0	0	0	0	0	0	0	16	0	0	0	0	0	21	0	24	0	0	0	0	98	0	0	22	0	0	0	0	15	38	0	0	0	0	0	37	0	23
seq304	0	0	0	0	0	0	0	0	0	0	0	0	0	0	0	0	0	0	28	0	0	104	0	34	55	0	0	0	0	0	0	0	0	0	40	0	0	0	0	32
seq305	0	0	0	0	0	0	0	0	0	0	0	0	0	0	0	62	0	12	0	0	0	0	0	0	0	0	0	0	0	0	0	0	0	0	0	0	111	106	0	0
seq306	0	0	0	0	0	0	0	15	0	33	0	0	0	0	39	48	0	0	0	0	0	25	0	0	0	21	0	0	0	0	24	39	0	0	0	0	32	0	0	0
seq307	0	0	0	0	0	0	0	0	0	0	0	0	0	0	0	26	0	0	0	0	19	41	0	0	0	35	0	18	0	0	14	12	31	0	13	0	0	0	0	66
seq308	15	31	0	0	0	0	0	0	0	12	0	0	0	0	0	28	0	0	17	0	0	32	47	0	14	0	15	0	0	0	12	14	0	0	16	0	0	0	0	21
seq309	0	14	0	0	0	0	0	0	0	47	0	0	0	0	34	41	0	0	0	0	0	31	0	0	0	13	0	0	21	0	23	35	0	0	0	0	0	0	13	0
seq31	0	608	0	408	0	0	0	0	0	0	0	0	705	199	813	1767	533	861	2107	743	0	0	0	0	0	0	0	0	0	0	0	0	0	0	0	0	0	0	0	0
seq310	18	0	0	0	18	0	0	0	0	0	0	0	0	0	0	0	0	27	0	0	0	0	0	0	0	16	0	0	0	23	25	51	0	12	0	0	0	44	38	0
seq311	0	0	0	0	0	0	0	0	0	22	0	0	0	0	0	0	0	69	27	0	0	152	0	0	0	0	0	0	0	0	0	0	0	0	0	0	0	0	0	0
seq312	0	0	0	0	11	0	0	0	0	0	0	0	0	0	0	34	0	0	0	0	0	0	45	0	0	0	0	0	0	0	0	84	0	12	0	0	21	44	16	0
seq313	13	52	0	0	0	18	0	0	0	0	0	0	0	0	0	0	0	0	0	0	25	25	0	19	0	0	33	19	0	0	0	0	0	0	0	0	43	0	0	17
seq314	0	0	0	0	0	0	0	0	0	26	0	0	15	0	45	20	0	11	0	0	0	11	0	0	0	0	0	0	39	0	44	0	0	0	0	0	11	26	16	0
seq315	11	0	0	0	0	0	0	0	0	0	0	0	0	0	0	0	0	15	17	0	0	0	0	0	0	0	16	0	22	15	18	46	0	15	33	25	0	0	30	0
seq316	15	0	0	0	150	16	0	0	0	0	0	0	0	0	0	0	0	0	18	0	0	0	11	0	0	0	0	0	0	0	0	0	0	0	0	0	38	12	0	0
seq317	11	11	0	0	18	0	0	0	11	35	0	0	0	0	28	79	12	0	0	0	0	0	24	0	0	0	0	0	0	0	0	18	0	0	0	0	0	13	0	0
seq318	0	0	0	0	0	0	0	0	34	43	0	0	0	0	21	0	0	42	12	0	0	33	0	0	0	15	0	0	12	0	18	0	11	0	0	0	0	0	0	13
seq319	12	46	0	22	50	28	29	0	0	0	0	0	0	0	30	32	0	0	0	0	0	0	0	0	0	0	0	0	0	0	0	0	0	0	0	0	0	0	0	0
seq32	0	0	0	0	688	122	89	50	219	370	65	23	96	13	213	471	123	324	260	163	0	0	19	0	0	0	261	135	697	80	993	861	0	517	322	522	125	18	850	0
seq320	0	0	0	0	0	0	0	0	36	68	0	0	0	0	0	46	0	0	0	0	0	0	51	0	0	0	0	0	0	0	0	17	0	0	0	0	0	31	0	0
seq321	0	0	0	0	41	0	0	0	0	12	0	0	0	0	0	14	0	0	34	0	0	24	28	0	0	0	0	0	0	0	22	0	0	12	0	0	39	0	16	0
seq322	0	0	0	0	0	11	0	0	0	0	0	0	0	0	0	55	0	0	0	0	0	0	19	0	0	0	14	13	0	0	0	100	0	0	0	0	0	27	0	0
seq323	0	0	0	0	15	0	0	0	18	32	0	0	0	0	33	55	0	16	0	0	0	0	0	0	0	0	0	0	0	0	0	38	0	0	0	0	0	30	0	0
seq324	0	0	0	0	0	0	0	0	0	0	0	0	25	20	62	127	0	0	0	0	0	0	0	0	0	0	0	0	0	0	0	0	0	0	0	0	0	0	0	0
seq325	51	0	0	34	0	0	0	0	56	58	0	0	0	0	0	0	0	19	0	16	0	0	0	0	0	0	0	0	0	0	0	0	0	0	0	0	0	0	0	0
seq326	0	0	0	0	0	0	0	0	0	0	0	0	0	0	0	0	0	0	71	0	0	0	0	0	0	0	0	0	0	0	0	0	0	0	0	0	97	0	0	59
seq327	0	0	0	0	0	0	0	0	0	0	0	0	0	0	0	0	0	145	73	0	0	0	0	0	0	0	0	0	0	0	0	0	0	0	0	0	0	0	0	0
seq328	0	0	0	0	0	12	0	0	0	0	0	0	0	0	0	0	0	0	0	0	0	22	65	0	0	0	0	0	15	0	18	13	11	0	0	0	16	27	0	15
seq329	34	31	0	35	38	0	0	0	0	0	0	0	0	29	0	46	0	0	0	0	0	0	0	0	0	0	0	0	0	0	0	0	0	0	0	0	0	0	0	0
seq33	0	519	0	391	0	0	0	0	0	0	0	0	698	214	758	1775	570	896	2201	661	0	0	0	0	0	0	0	0	0	0	0	0	0	0	0	0	0	0	0	0
seq330	0	0	0	0	0	0	0	0	0	0	0	0	0	0	0	0	0	0	0	0	0	0	46	0	0	0	0	0	0	0	0	0	0	0	0	0	136	28	0	0
seq331	0	0	0	0	0	0	0	0	0	0	0	0	0	0	0	0	0	0	0	0	36	0	68	0	0	0	0	0	0	0	0	0	0	0	0	0	0	100	0	0
seq332	0	0	0	0	0	95	16	0	0	0	0	0	0	0	0	0	0	86	0	0	0	0	0	0	0	0	0	0	0	0	0	0	0	0	0	0	0	0	0	0
seq333	0	0	0	0	0	0	0	0	0	0	0	0	0	0	0	0	0	0	0	0	0	24	0	0	19	0	21	0	0	25	0	13	0	13	42	0	12	0	15	11
seq334	0	0	13	14	0	0	0	0	0	0	0	0	20	0	56	92	0	0	0	0	0	0	0	0	0	0	0	0	0	0	0	0	0	0	0	0	0	0	0	0
seq335	0	35	0	0	0	12	0	0	0	0	0	0	0	0	0	0	0	0	0	0	0	0	64	0	0	0	0	0	0	0	0	0	0	13	0	0	38	20	12	0
seq336	0	0	0	0	0	0	0	0	0	0	0	0	0	0	53	140	0	0	0	0	0	0	0	0	0	0	0	0	0	0	0	0	0	0	0	0	0	0	0	0
seq337	0	0	0	0	0	0	0	0	0	0	0	0	0	0	0	0	0	0	0	0	0	0	12	0	0	63	0	0	0	0	0	0	59	0	0	0	0	0	0	56
seq338	0	0	0	0	0	0	0	0	0	0	0	0	0	0	0	0	0	0	0	0	0	0	0	0	0	0	0	0	29	0	45	116	0	0	0	0	0	0	0	0
seq339	0	0	0	0	39	0	0	0	0	0	0	0	0	0	0	0	0	0	0	0	0	0	0	0	0	0	0	0	0	14	31	49	0	0	0	0	0	56	0	0
seq34	0	502	0	394	0	0	0	0	0	0	0	0	676	222	751	1684	516	908	2257	757	0	0	0	0	0	0	0	0	0	0	0	0	0	0	0	0	0	0	0	0
seq340	0	0	0	0	0	0	0	0	0	0	0	0	32	32	24	99	0	0	0	0	0	0	0	0	0	0	0	0	0	0	0	0	0	0	0	0	0	0	0	0
seq341	0	0	0	0	0	14	0	0	0	0	0	0	0	0	43	29	0	0	0	0	0	0	0	0	0	0	0	0	0	0	30	68	0	0	0	0	0	0	0	0
seq342	0	29	0	0	16	0	0	0	0	0	0	0	0	0	0	0	0	0	19	39	0	31	0	0	0	0	0	0	0	0	0	16	0	0	12	0	22	0	0	0
seq343	21	0	0	0	0	0	0	0	0	0	0	0	0	0	0	0	0	0	0	0	0	100	0	0	0	14	0	0	0	0	0	0	34	0	0	0	0	0	0	12
seq344	0	0	0	0	0	0	0	0	0	0	0	0	0	0	17	0	0	0	0	0	0	0	0	0	0	0	0	0	0	0	30	23	0	11	0	12	45	39	0	0
seq345	0	0	0	0	0	0	0	0	0	0	0	0	0	0	0	68	0	36	0	0	0	0	17	0	0	0	0	0	0	0	0	12	0	0	0	0	0	44	0	0
seq346	0	0	0	0	25	0	0	0	0	0	0	0	0	0	0	0	0	0	0	0	0	66	18	0	0	0	0	0	0	0	0	0	0	0	0	0	29	37	0	0
seq347	0	0	0	0	0	0	0	0	11	18	0	0	0	0	16	17	0	0	0	0	0	21	0	0	0	0	0	0	0	0	11	29	0	0	0	0	19	21	11	0
seq348	0	0	0	0	16	0	0	0	17	33	0	0	0	0	0	32	0	0	0	0	0	11	17	0	0	0	0	0	0	0	0	23	0	0	0	0	11	13	0	0
seq349	0	0	0	0	0	0	0	0	0	0	0	0	0	0	0	0	0	0	0	0	0	0	0	0	0	0	0	0	12	0	24	29	0	20	0	0	70	0	17	0
seq35	705	716	136	495	1092	428	406	392	206	361	153	209	0	0	0	25	321	799	1619	520	0	0	0	0	0	0	0	0	0	0	0	0	0	0	0	0	0	0	0	0
seq350	0	31	0	45	41	0	16	0	0	0	0	0	0	0	0	36	0	0	0	0	0	0	0	0	0	0	0	0	0	0	0	0	0	0	0	0	0	0	0	0
seq351	0	0	0	0	0	0	0	0	0	0	0	0	0	0	18	30	0	0	0	0	0	31	0	0	0	0	0	0	16	0	41	11	0	0	0	0	0	0	17	0
seq352	0	0	0	0	20	0	0	0	0	0	0	0	0	0	0	17	11	0	0	0	0	0	0	0	0	0	31	14	0	0	17	15	0	20	17	0	0	0	0	0
seq353	0	0	0	27	0	0	0	0	0	0	0	0	0	0	0	0	0	0	0	0	0	0	0	0	0	54	0	0	0	0	0	0	61	0	0	0	0	0	0	20
seq354	0	0	0	0	0	0	0	0	0	0	0	0	0	0	0	0	0	0	0	0	0	0	30	0	0	0	0	0	0	0	0	0	0	0	0	0	69	59	0	0
seq355	0	0	0	0	0	0	0	0	0	0	0	0	0	0	0	0	0	0	0	0	22	68	0	22	20	0	0	0	0	0	0	0	0	0	0	0	0	0	0	21
seq356	0	0	0	0	36	45	43	29	0	0	0	0	0	0	0	0	0	0	0	0	0	0	0	0	0	0	0	0	0	0	0	0	0	0	0	0	0	0	0	0
seq357	0	0	0	0	0	0	0	0	0	0	0	0	0	0	0	0	0	0	0	0	0	0	0	0	0	0	0	0	0	0	27	96	0	30	0	0	0	0	0	0
seq358	0	0	0	0	31	0	0	0	0	0	0	0	0	0	22	30	0	0	0	0	0	0	39	0	0	0	0	0	0	0	0	0	13	0	0	0	0	17	0	0
seq359	0	14	0	0	0	11	0	0	0	15	0	0	0	0	0	14	0	0	0	0	0	22	0	0	0	0	0	0	13	0	23	13	0	12	0	0	0	15	0	0
seq36	0	562	0	384	0	0	0	0	0	0	0	0	688	228	707	1642	476	904	2083	738	0	0	0	0	0	0	0	0	0	0	0	0	0	0	0	0	0	0	0	0
seq360	0	0	0	0	0	0	0	0	0	0	0	0	0	0	0	0	0	0	0	0	0	0	0	0	0	0	0	0	0	0	0	0	0	56	0	0	0	0	96	0
seq361	0	0	0	0	13	0	0	0	0	0	0	0	0	0	0	27	0	0	0	0	0	24	14	0	0	0	0	0	13	0	18	31	0	0	0	0	0	0	12	0
seq362	0	0	113	38	0	0	0	0	0	0	0	0	0	0	0	0	0	0	0	0	0	0	0	0	0	0	0	0	0	0	0	0	0	0	0	0	0	0	0	0
seq363	0	0	0	0	15	0	0	0	0	0	0	0	0	0	0	0	0	0	0	0	0	0	13	0	0	0	0	0	0	0	0	0	0	0	0	0	65	42	14	0
seq364	18	0	0	0	0	0	0	0	0	0	0	0	0	0	0	0	0	0	0	0	12	63	0	0	0	22	0	0	0	0	0	0	34	0	0	0	0	0	0	0
seq365	0	0	0	0	0	0	0	0	0	0	0	0	0	0	0	46	0	0	0	0	0	0	24	0	0	0	0	0	0	0	0	29	0	0	0	0	29	21	0	0
seq366	35	0	0	0	0	0	0	0	0	0	0	0	0	0	0	0	0	0	0	0	0	51	0	0	0	29	0	0	0	0	0	0	32	0	0	0	0	0	0	0
seq367	0	0	0	0	0	0	0	0	0	0	0	0	0	0	0	0	0	0	0	0	0	0	0	0	0	0	0	0	0	0	0	0	0	147	0	0	0	0	0	0
seq368	0	0	0	0	62	15	0	0	0	0	0	0	0	0	28	0	0	0	0	0	0	0	0	0	0	0	0	0	0	0	42	0	0	0	0	0	0	0	0	0
seq369	11	12	0	0	0	0	0	0	16	12	0	0	0	0	21	31	14	0	0	0	0	0	27	0	0	0	0	0	0	0	0	0	0	0	0	0	0	0	0	0
seq37	114	45	0	91	609	186	125	62	0	15	57	15	66	0	185	224	18	132	135	12	14	797	74	31	18	227	29	19	184	71	380	294	159	275	18	31	2725	283	425	133
seq370	0	0	0	0	34	17	20	0	0	0	0	0	0	0	0	0	0	0	13	0	0	0	19	0	0	0	0	0	0	0	0	0	0	0	16	0	25	0	0	0
seq371	0	0	0	0	16	0	0	0	0	0	0	0	0	0	0	0	0	0	0	0	0	20	14	0	0	0	0	0	0	0	0	14	0	14	21	0	13	0	13	18
seq372	0	0	0	0	21	0	0	0	0	0	0	0	0	0	22	50	0	0	0	0	0	0	0	0	0	0	0	0	0	0	0	29	0	0	0	0	21	0	0	0
seq373	0	0	0	0	0	0	0	0	0	0	0	0	0	0	0	0	0	0	0	0	0	15	27	0	0	0	0	0	0	0	29	0	0	0	0	0	69	0	0	0
seq374	12	0	0	0	0	0	0	0	0	0	0	0	0	0	0	0	0	0	0	0	0	71	0	0	0	16	0	0	0	0	0	0	21	0	0	0	0	0	0	19
seq375	0	0	0	0	0	0	15	0	0	0	0	0	0	0	0	0	0	20	29	32	0	0	0	0	0	0	0	0	0	0	0	0	0	0	21	21	0	0	0	0
seq376	0	15	0	0	0	0	0	0	0	14	0	0	0	0	0	0	0	0	0	0	0	0	0	0	0	0	0	0	0	0	0	93	0	0	0	0	15	0	0	0
seq377	0	0	0	0	0	0	0	0	0	0	0	0	0	0	0	0	0	0	0	0	0	0	0	0	20	0	17	0	20	0	0	0	0	0	0	0	55	0	24	0
seq378	0	0	0	0	0	0	0	0	0	19	0	0	0	0	0	13	0	0	0	0	0	0	0	0	0	0	0	0	19	0	21	44	0	0	0	0	0	0	16	0
seq379	97	0	0	0	0	24	11	0	0	0	0	0	0	0	0	0	0	0	0	0	0	0	0	0	0	0	0	0	0	0	0	0	0	0	0	0	0	0	0	0
seq38	0	504	13	393	0	0	0	0	0	0	0	0	649	186	618	1523	513	813	2135	662	0	0	0	0	0	0	0	0	0	0	0	0	0	0	0	0	0	0	0	0
seq380	0	129	0	0	0	0	0	0	0	0	0	0	0	0	0	0	0	0	0	0	0	0	0	0	0	0	0	0	0	0	0	0	0	0	0	0	0	0	0	0
seq381	11	0	0	0	37	0	0	0	0	0	0	0	12	0	0	0	0	0	13	0	0	0	32	0	0	0	0	0	0	0	0	0	0	0	0	0	23	0	0	0
seq382	0	0	0	0	0	0	0	0	0	0	0	0	0	0	13	13	23	24	32	22	0	0	0	0	0	0	0	0	0	0	0	0	0	0	0	0	0	0	0	0
seq383	0	0	0	0	0	0	0	0	0	0	0	0	0	0	0	34	0	0	0	0	0	0	0	0	0	0	0	0	0	0	0	56	0	0	14	0	0	23	0	0
seq384	0	26	0	0	0	0	0	0	13	17	0	0	0	0	0	11	0	0	25	0	0	17	0	0	18	0	0	0	0	0	0	0	0	0	0	0	0	0	0	0
seq385	0	0	0	0	0	0	0	0	0	0	0	0	0	0	14	45	0	0	0	0	0	0	0	0	0	0	0	0	0	0	37	0	0	0	0	30	0	0	0	0
seq386	0	0	0	0	0	0	0	0	0	0	0	0	0	0	72	53	0	0	0	0	0	0	0	0	0	0	0	0	0	0	0	0	0	0	0	0	0	0	0	0
seq387	20	22	0	26	0	0	0	0	0	0	0	0	0	0	22	34	0	0	0	0	0	0	0	0	0	0	0	0	0	0	0	0	0	0	0	0	0	0	0	0
seq388	0	0	0	0	0	0	0	0	0	48	0	0	0	0	0	74	0	0	0	0	0	0	0	0	0	0	0	0	0	0	0	0	0	0	0	0	0	0	0	0
seq389	0	0	0	0	0	0	0	0	0	0	0	0	0	0	0	0	0	0	29	0	0	22	0	0	0	0	0	0	0	0	0	0	15	0	0	0	56	0	0	0
seq39	193	95	214	51	675	242	47	74	366	600	34	14	80	0	781	377	158	27	0	20	18	0	174	0	0	103	0	0	431	29	369	323	147	322	14	127	742	747	313	50
seq390	0	0	0	0	0	0	0	0	0	0	0	0	0	0	0	50	0	0	71	0	0	0	0	0	0	0	0	0	0	0	0	0	0	0	0	0	0	0	0	0
seq391	0	0	33	0	35	0	0	0	0	0	0	0	0	0	0	0	0	0	0	0	0	0	0	0	0	0	21	14	0	17	0	0	0	0	0	0	0	0	0	0
seq392	0	0	25	0	0	0	0	0	0	0	0	0	0	0	0	0	0	14	0	0	0	0	0	0	0	12	0	0	0	0	0	0	0	0	0	0	55	0	0	13
seq393	0	0	0	0	0	12	0	0	0	0	0	0	0	0	16	0	0	0	0	0	0	0	16	0	21	11	0	0	0	0	19	24	0	0	0	0	0	0	0	0
seq394	14	0	0	0	0	0	0	0	0	0	0	0	15	0	27	0	0	0	0	0	0	0	0	0	0	0	0	0	27	0	15	19	0	0	0	0	0	0	0	0
seq395	0	0	0	0	0	0	0	0	0	15	0	0	0	0	0	0	0	0	0	0	0	0	0	0	0	37	0	0	0	0	0	0	16	18	0	0	0	0	0	30
seq396	0	20	95	0	0	0	0	0	0	0	0	0	0	0	0	0	0	0	0	0	0	0	0	0	0	0	0	0	0	0	0	0	0	0	0	0	0	0	0	0
seq397	0	0	0	0	0	0	0	0	0	0	0	0	0	0	0	0	0	0	0	0	18	76	0	0	0	0	0	0	0	0	0	0	20	0	0	0	0	0	0	0
seq398	0	0	0	0	0	0	0	0	0	0	0	0	0	0	28	86	0	0	0	0	0	0	0	0	0	0	0	0	0	0	0	0	0	0	0	0	0	0	0	0
seq399	0	0	0	0	0	0	0	0	0	0	0	0	0	0	0	0	0	0	0	0	0	30	0	0	0	0	0	0	0	0	0	0	0	0	0	37	46	0	0	0
seq4	372	115	25	134	224	154	96	88	30	16	20	42	0	0	20	28	158	614	799	312	1871	13792	6834	3239	3923	2539	1673	948	2188	1207	1702	3232	2382	2576	2185	1326	18073	3182	3023	4656
seq40	524	988	193	141	91	101	0	13	187	293	187	205	42	0	243	74	192	246	205	61	83	612	1264	298	236	32	31	23	59	0	55	62	15	46	215	83	149	383	39	89
seq400	15	0	0	0	0	0	0	0	0	0	0	0	0	0	0	0	0	0	0	0	0	0	43	0	0	0	0	0	0	0	0	18	0	0	16	0	20	0	0	0
seq401	0	0	0	0	0	0	0	0	0	0	0	0	0	0	0	49	0	0	62	0	0	0	0	0	0	0	0	0	0	0	0	0	0	0	0	0	0	0	0	0
seq402	0	0	0	0	0	15	0	0	0	18	0	0	0	0	30	0	0	36	11	0	0	0	0	0	0	0	0	0	0	0	0	0	0	0	0	0	0	0	0	0
seq403	0	0	0	0	0	0	0	0	0	13	0	0	0	0	17	25	0	15	13	0	0	15	0	0	0	0	0	0	0	0	0	0	0	0	0	0	0	11	0	0
seq404	0	0	0	0	0	0	0	0	0	16	0	0	0	0	0	93	0	0	0	0	0	0	0	0	0	0	0	0	0	0	0	0	0	0	0	0	0	0	0	0
seq405	0	0	0	0	0	0	0	0	0	0	0	0	0	0	0	0	0	0	0	0	0	77	0	0	0	0	31	0	0	0	0	0	0	0	0	0	0	0	0	0
seq406	23	0	0	0	13	0	0	0	0	14	0	0	0	0	23	0	13	0	11	0	0	0	11	0	0	0	0	0	0	0	0	0	0	0	0	0	0	0	0	0
seq407	0	0	0	0	0	0	0	0	0	0	0	0	0	0	0	26	0	0	0	0	0	0	0	0	0	0	0	0	0	0	0	32	0	11	20	0	0	0	16	0
seq408	0	0	0	0	0	0	0	0	0	0	0	0	0	0	0	0	0	0	0	0	0	0	0	0	0	0	51	0	0	0	0	0	0	0	54	0	0	0	0	0
seq409	0	0	0	0	19	0	0	0	0	0	0	0	0	0	0	0	0	0	0	0	0	0	21	0	0	0	0	0	0	0	0	0	0	0	0	0	62	0	0	0
seq41	271	218	93	94	135	82	31	36	183	234	28	34	0	0	15	268	52	234	104	309	184	298	1391	110	130	118	277	145	231	66	264	245	71	120	314	43	269	368	147	278
seq410	0	0	0	0	0	0	0	0	0	62	0	0	0	0	0	39	0	0	0	0	0	0	0	0	0	0	0	0	0	0	0	0	0	0	0	0	0	0	0	0
seq411	0	0	0	0	17	0	0	0	0	0	0	0	0	0	14	0	0	0	0	0	0	14	0	0	0	0	0	0	0	0	0	0	0	0	0	0	19	11	26	0
seq412	0	0	0	0	0	0	0	0	0	0	0	0	0	0	19	12	0	0	0	0	0	14	0	0	0	0	0	0	0	0	0	29	0	0	0	0	15	11	0	0
seq413	0	0	0	0	0	0	0	0	0	34	0	0	0	0	0	0	0	11	0	0	0	0	0	0	0	12	0	0	0	0	14	0	14	0	0	0	0	0	0	13
seq414	0	0	0	0	0	0	0	0	11	13	0	0	0	0	11	17	0	15	20	0	0	11	0	0	0	0	0	0	0	0	0	0	0	0	0	0	0	0	0	0
seq415	0	0	0	0	0	0	0	0	0	0	0	0	0	0	0	0	0	0	0	0	0	98	0	0	0	0	0	0	0	0	0	0	0	0	0	0	0	0	0	0
seq416	21	0	0	0	0	0	0	0	0	0	0	0	0	0	11	11	0	15	0	0	0	0	0	0	0	0	0	0	0	0	0	13	0	0	0	0	27	0	0	0
seq417	0	0	0	0	0	0	0	0	0	0	0	0	0	0	0	0	0	0	0	0	0	0	0	0	0	0	0	0	0	0	0	0	0	0	0	0	0	96	0	0
seq418	0	0	0	0	0	0	0	0	0	0	0	0	0	0	0	96	0	0	0	0	0	0	0	0	0	0	0	0	0	0	0	0	0	0	0	0	0	0	0	0
seq419	0	0	0	0	11	0	0	0	0	0	0	0	0	0	0	0	0	0	0	0	0	14	12	0	0	0	0	0	0	11	0	0	0	14	0	0	20	0	12	0
seq42	170	0	127	0	259	0	34	35	211	320	53	0	51	0	294	483	108	184	45	142	84	785	157	59	37	608	156	89	144	34	194	598	403	90	49	20	43	176	115	1054
seq420	22	0	0	0	0	0	0	0	0	0	0	0	0	0	0	0	0	0	0	36	0	0	0	0	0	0	18	0	0	0	0	18	0	0	0	0	0	0	0	0
seq421	0	0	0	0	0	0	0	0	0	0	0	0	0	0	0	13	0	0	0	0	0	15	0	0	0	0	0	0	0	0	0	38	0	0	13	0	0	0	15	0
seq422	0	0	0	0	0	0	0	0	0	0	0	0	0	0	0	0	0	0	0	0	0	93	0	0	0	0	0	0	0	0	0	0	0	0	0	0	0	0	0	0
seq423	0	0	0	0	92	0	0	0	0	0	0	0	0	0	0	0	0	0	0	0	0	0	0	0	0	0	0	0	0	0	0	0	0	0	0	0	0	0	0	0
seq424	0	0	0	0	12	0	0	0	0	0	0	0	0	0	0	0	0	0	0	0	0	11	0	0	0	0	0	0	15	0	18	0	0	0	0	0	11	13	11	0
seq425	0	0	0	0	0	0	0	0	0	0	0	0	0	0	0	0	0	0	0	0	0	0	0	0	0	0	90	0	0	0	0	0	0	0	0	0	0	0	0	0
seq426	0	37	12	0	0	0	0	0	0	0	0	0	0	0	0	0	0	0	40	0	0	0	0	0	0	0	0	0	0	0	0	0	0	0	0	0	0	0	0	0
seq427	0	0	0	0	26	0	0	0	0	21	0	0	0	0	0	20	0	0	0	0	0	0	0	0	0	0	0	0	0	0	0	0	0	0	0	0	0	21	0	0
seq428	0	0	0	0	0	0	0	0	31	55	0	0	0	0	0	0	0	0	0	0	0	0	0	0	0	0	0	0	0	0	0	0	0	0	0	0	0	0	0	0
seq429	0	0	0	0	18	0	11	0	0	0	0	0	0	0	0	0	0	0	0	0	0	0	11	0	0	0	0	0	0	0	0	24	0	0	0	21	0	0	0	0
seq43	0	0	0	0	21	0	20	29	71	87	43	61	121	88	120	410	0	0	0	0	31	916	365	298	369	28	228	134	238	184	160	442	0	479	540	479	600	152	511	73
seq430	26	24	0	0	11	0	0	0	0	13	0	0	0	0	0	0	0	0	0	0	0	0	11	0	0	0	0	0	0	0	0	0	0	0	0	0	0	0	0	0
seq431	0	0	0	0	0	0	0	0	0	0	0	0	0	0	0	0	0	0	0	0	0	0	0	0	0	0	84	0	0	0	0	0	0	0	0	0	0	0	0	0
seq432	0	0	0	0	0	0	0	0	0	0	0	0	0	0	0	0	0	0	0	0	0	0	0	0	84	0	0	0	0	0	0	0	0	0	0	0	0	0	0	0
seq433	22	0	0	0	0	0	0	0	0	0	0	0	0	0	0	0	0	0	0	0	0	0	0	0	0	0	0	0	0	0	0	0	0	0	0	0	62	0	0	0
seq434	0	0	0	0	84	0	0	0	0	0	0	0	0	0	0	0	0	0	0	0	0	0	0	0	0	0	0	0	0	0	0	0	0	0	0	0	0	0	0	0
seq435	0	0	0	0	0	0	0	0	0	0	0	0	0	0	0	0	0	0	0	0	0	0	83	0	0	0	0	0	0	0	0	0	0	0	0	0	0	0	0	0
seq436	0	0	0	0	0	0	0	0	0	0	0	0	0	0	0	0	0	0	0	0	0	0	0	19	0	0	0	40	0	23	0	0	0	0	0	0	0	0	0	0
seq437	0	0	0	0	0	0	0	0	0	0	0	13	0	0	0	0	20	0	0	0	0	0	0	0	0	16	0	0	0	0	0	0	13	0	0	0	0	0	0	19
seq438	0	0	0	0	0	0	0	0	0	0	0	0	0	0	0	43	0	0	0	0	0	0	0	0	0	0	0	0	0	0	0	0	0	0	0	0	38	0	0	0
seq439	0	0	0	0	0	0	0	0	34	0	0	0	0	0	0	0	0	0	0	0	0	0	0	0	0	0	0	0	0	0	0	32	0	0	0	0	0	14	0	0
seq44	616	440	0	329	1530	762	1125	829	294	533	263	450	0	0	0	0	0	0	0	0	0	0	0	0	0	0	0	0	0	0	0	0	0	0	0	0	0	0	0	0
seq440	0	0	0	0	0	0	0	0	0	0	0	0	0	0	34	0	0	0	0	0	0	27	0	0	0	0	0	0	0	0	0	19	0	0	0	0	0	0	0	0
seq441	0	0	0	0	13	0	0	0	0	0	0	0	0	0	14	38	0	0	0	0	0	13	0	0	0	0	0	0	0	0	0	0	0	0	0	0	0	0	0	0
seq442	0	0	0	0	0	0	0	0	0	0	0	0	0	0	0	0	0	0	0	0	0	0	0	0	0	0	0	0	0	0	0	0	0	0	0	0	0	77	0	0
seq443	0	0	0	0	0	0	0	0	0	0	0	0	0	0	0	0	0	0	0	0	0	0	0	0	0	0	0	0	0	0	26	51	0	0	0	0	0	0	0	0
seq444	0	0	0	0	0	0	0	0	0	0	0	0	0	0	0	0	0	0	0	0	0	24	0	0	0	0	0	0	0	0	0	0	0	0	32	19	0	0	0	0
seq445	0	0	0	0	0	0	0	0	0	0	0	0	0	0	0	75	0	0	0	0	0	0	0	0	0	0	0	0	0	0	0	0	0	0	0	0	0	0	0	0
seq446	0	0	0	0	0	0	0	0	0	0	0	0	0	0	26	0	0	0	0	0	0	12	0	0	0	0	0	0	0	0	16	21	0	0	0	0	0	0	0	0
seq447	0	0	0	0	0	0	0	0	0	13	0	0	0	0	0	0	0	12	0	0	0	0	0	0	0	0	0	0	0	0	0	0	0	0	0	31	16	0	0	0
seq448	0	38	0	33	0	0	0	0	0	0	0	0	0	0	0	0	0	0	0	0	0	0	0	0	0	0	0	0	0	0	0	0	0	0	0	0	0	0	0	0
seq449	0	0	0	0	0	0	0	0	0	0	0	0	0	0	0	23	0	0	0	0	0	0	0	0	0	0	0	12	0	0	0	16	0	0	0	0	0	0	19	0
seq45	0	183	113	116	1287	413	352	292	119	186	82	128	695	382	849	1803	39	13	77	21	0	0	0	0	0	0	0	0	0	0	0	0	0	0	0	0	0	0	0	0
seq450	0	0	0	42	0	0	0	0	0	0	0	0	0	0	28	0	0	0	0	0	0	0	0	0	0	0	0	0	0	0	0	0	0	0	0	0	0	0	0	0
seq451	0	0	0	0	0	0	0	0	0	0	0	0	0	0	32	23	0	0	0	0	0	0	0	0	0	0	0	0	0	0	0	0	0	0	0	0	0	0	15	0
seq452	0	0	0	0	0	0	0	0	0	0	0	0	0	0	0	0	0	0	0	0	0	33	0	0	0	0	0	0	0	0	0	0	0	0	0	0	35	0	0	0
seq453	0	0	0	68	0	0	0	0	0	0	0	0	0	0	0	0	0	0	0	0	0	0	0	0	0	0	0	0	0	0	0	0	0	0	0	0	0	0	0	0
seq454	23	0	0	0	0	0	0	0	0	0	0	0	0	0	0	0	0	0	0	0	0	31	0	0	0	0	0	0	0	0	13	0	0	0	0	0	0	0	0	0
seq455	0	0	0	0	67	0	0	0	0	0	0	0	0	0	0	0	0	0	0	0	0	0	0	0	0	0	0	0	0	0	0	0	0	0	0	0	0	0	0	0
seq456	0	0	0	0	0	0	0	0	0	0	0	0	0	0	0	16	0	0	0	0	0	17	0	0	0	0	0	0	0	0	0	0	0	0	0	0	16	0	0	17
seq457	0	0	0	0	0	0	0	0	0	13	0	0	0	0	0	0	0	17	0	23	0	0	0	0	0	0	0	0	0	0	0	0	0	0	0	12	0	0	0	0
seq458	0	0	0	0	0	0	0	0	0	0	0	0	0	0	0	0	0	0	0	0	0	0	0	0	0	0	0	0	0	0	0	0	0	0	0	0	63	0	0	0
seq459	0	0	0	0	0	0	0	0	0	0	0	0	0	0	63	0	0	0	0	0	0	0	0	0	0	0	0	0	0	0	0	0	0	0	0	0	0	0	0	0
seq46	271	414	150	279	879	473	442	401	122	195	126	165	213	98	311	683	217	522	782	293	0	0	0	0	0	0	0	0	0	0	0	0	0	0	0	0	0	0	0	0
seq460	0	0	0	0	0	0	0	0	0	0	0	0	0	0	0	63	0	0	0	0	0	0	0	0	0	0	0	0	0	0	0	0	0	0	0	0	0	0	0	0
seq461	0	0	0	0	13	0	0	0	0	0	0	0	0	0	0	0	0	0	0	0	0	0	0	0	0	0	0	0	17	0	0	18	0	0	0	0	0	15	0	0
seq462	0	0	0	0	0	0	0	0	0	0	0	0	0	0	35	0	0	0	0	28	0	0	0	0	0	0	0	0	0	0	0	0	0	0	0	0	0	0	0	0
seq463	0	0	0	0	0	0	0	0	0	0	0	0	0	0	0	0	0	0	0	0	0	0	0	0	0	0	63	0	0	0	0	0	0	0	0	0	0	0	0	0
seq464	0	0	0	0	0	0	0	0	0	0	0	0	0	0	0	13	0	0	0	0	0	0	0	0	0	0	0	0	11	0	18	20	0	0	0	0	0	0	0	0
seq465	0	0	0	0	0	0	0	0	0	0	0	0	0	0	0	0	0	0	0	0	0	0	0	0	0	0	0	0	0	0	0	0	0	0	61	0	0	0	0	0
seq466	0	0	0	0	0	0	0	0	0	0	0	0	0	0	23	38	0	0	0	0	0	0	0	0	0	0	0	0	0	0	0	0	0	0	0	0	0	0	0	0
seq467	0	0	0	0	0	0	0	0	60	0	0	0	0	0	0	0	0	0	0	0	0	0	0	0	0	0	0	0	0	0	0	0	0	0	0	0	0	0	0	0
seq468	0	0	0	0	0	0	0	0	0	0	0	0	0	0	0	0	0	0	0	0	0	19	0	0	0	0	0	0	0	0	0	0	0	0	0	0	41	0	0	0
seq469	0	0	0	0	0	0	0	0	0	0	0	0	0	0	0	0	0	0	0	0	0	0	0	0	0	0	0	0	0	0	0	0	0	0	0	59	0	0	0	0
seq47	344	560	0	304	1930	625	731	578	180	258	186	305	258	48	270	362	0	0	0	0	0	0	0	0	0	0	0	0	0	0	0	0	0	0	0	0	0	0	0	0
seq470	0	0	0	0	0	0	0	0	0	0	0	0	0	0	0	0	0	0	0	0	0	59	0	0	0	0	0	0	0	0	0	0	0	0	0	0	0	0	0	0
seq471	0	0	0	0	0	0	0	0	0	0	0	0	0	0	0	0	0	0	0	0	0	59	0	0	0	0	0	0	0	0	0	0	0	0	0	0	0	0	0	0
seq472	0	0	0	0	0	0	0	0	0	0	0	0	0	0	0	0	0	0	0	0	0	0	0	0	0	0	0	0	0	0	16	0	0	14	0	0	0	0	0	28
seq473	0	0	0	0	0	0	0	0	12	0	0	0	0	0	19	0	0	14	0	0	0	12	0	0	0	0	0	0	0	0	0	0	0	0	0	0	0	0	0	0
seq474	22	0	0	0	0	0	0	0	0	0	0	0	0	0	0	0	0	23	0	0	0	0	0	0	0	0	0	0	0	0	0	0	0	12	0	0	0	0	0	0
seq475	0	0	0	0	0	0	0	0	0	0	0	0	0	0	16	15	0	0	0	0	0	0	0	0	0	0	0	0	0	0	0	13	0	0	0	0	13	0	0	0
seq476	0	0	0	0	0	0	0	0	0	0	0	0	0	0	0	0	0	0	0	0	0	0	0	0	0	42	0	0	0	0	0	0	14	0	0	0	0	0	0	0
seq477	0	0	0	0	0	0	0	0	0	0	0	0	0	0	0	0	0	0	0	0	0	17	0	0	0	0	0	0	0	0	0	15	0	0	0	0	12	0	12	0
seq478	0	0	0	0	0	0	0	0	0	0	0	0	14	0	0	42	0	0	0	0	0	0	0	0	0	0	0	0	0	0	0	0	0	0	0	0	0	0	0	0
seq479	0	0	0	0	0	0	0	0	0	0	0	0	0	0	0	0	0	0	0	0	0	25	0	0	0	17	0	0	0	0	0	0	0	0	0	0	0	0	0	13
seq48	206	80	64	44	905	422	554	338	73	105	40	87	255	90	289	617	433	716	1171	437	0	0	0	0	0	0	0	0	0	0	0	0	0	0	0	0	0	0	0	0
seq480	0	0	0	0	0	0	0	0	0	0	0	0	0	0	0	31	0	0	0	0	0	0	23	0	0	0	0	0	0	0	0	0	0	0	0	0	0	0	0	0
seq481	0	0	0	0	0	0	0	0	0	0	0	0	0	0	0	0	0	0	0	0	0	0	0	0	0	0	0	54	0	0	0	0	0	0	0	0	0	0	0	0
seq482	0	0	0	0	0	0	0	0	0	20	0	0	0	0	0	0	0	0	0	0	0	0	0	0	0	0	0	0	0	0	0	21	0	0	13	0	0	0	0	0
seq483	0	0	0	0	0	0	0	0	0	0	0	0	0	0	0	0	0	54	0	0	0	0	0	0	0	0	0	0	0	0	0	0	0	0	0	0	0	0	0	0
seq484	0	0	0	0	0	0	0	0	0	0	0	0	13	0	0	0	0	0	0	0	0	0	0	0	0	0	0	0	15	0	0	0	0	0	0	0	12	0	13	0
seq485	0	0	0	0	0	0	0	0	12	0	0	0	0	0	41	0	0	0	0	0	0	0	0	0	0	0	0	0	0	0	0	0	0	0	0	0	0	0	0	0
seq486	0	0	0	0	0	0	0	0	0	0	0	0	0	0	0	53	0	0	0	0	0	0	0	0	0	0	0	0	0	0	0	0	0	0	0	0	0	0	0	0
seq487	0	0	0	0	0	0	13	0	0	0	0	0	0	0	0	0	0	0	0	11	15	0	0	0	0	0	0	0	0	0	0	0	13	0	0	0	0	0	0	0
seq488	0	0	0	0	0	0	0	0	0	0	0	0	0	0	0	0	0	0	0	0	0	0	22	0	0	0	0	0	0	0	0	0	0	0	0	0	0	30	0	0
seq489	0	0	0	0	12	0	0	0	0	0	0	0	0	0	0	0	0	0	0	0	0	0	11	0	0	0	0	0	0	0	0	0	0	0	0	0	0	14	14	0
seq49	16	168	91	112	1150	348	300	243	107	157	73	142	682	375	749	1764	29	12	77	0	0	0	0	0	0	0	0	0	0	0	0	0	0	0	0	0	0	0	0	0
seq490	0	0	0	0	26	0	0	0	0	0	0	0	0	0	0	0	0	0	0	0	0	0	0	0	0	0	0	0	0	0	0	0	0	0	0	0	0	24	0	0
seq491	0	0	0	0	0	0	0	0	18	17	0	0	0	0	15	0	0	0	0	0	0	0	0	0	0	0	0	0	0	0	0	0	0	0	0	0	0	0	0	0
seq492	0	0	0	0	0	0	0	0	0	0	0	0	0	0	0	0	0	0	0	49	0	0	0	0	0	0	0	0	0	0	0	0	0	0	0	0	0	0	0	0
seq493	0	13	14	22	0	0	0	0	0	0	0	0	0	0	0	0	0	0	0	0	0	0	0	0	0	0	0	0	0	0	0	0	0	0	0	0	0	0	0	0
seq494	0	0	0	0	0	0	0	0	0	0	0	0	0	0	0	0	0	0	0	0	0	34	0	0	0	0	0	0	0	0	15	0	0	0	0	0	0	0	0	0
seq495	0	0	0	0	0	0	0	0	0	0	0	0	0	0	0	0	0	0	0	0	0	0	0	0	0	0	0	0	0	0	0	49	0	0	0	0	0	0	0	0
seq496	0	0	0	0	0	0	0	0	0	0	0	0	0	0	0	0	0	20	13	0	0	16	0	0	0	0	0	0	0	0	0	0	0	0	0	0	0	0	0	0
seq497	0	0	0	0	0	0	0	0	0	0	0	0	15	0	0	33	0	0	0	0	0	0	0	0	0	0	0	0	0	0	0	0	0	0	0	0	0	0	0	0
seq498	0	0	0	0	0	0	0	0	0	0	0	0	0	0	0	0	0	0	0	0	0	11	0	0	0	0	0	0	0	0	0	0	0	0	0	0	37	0	0	0
seq499	0	0	0	0	0	0	0	0	0	0	0	0	0	0	0	0	0	0	0	0	0	16	0	0	0	0	0	0	0	0	0	0	0	0	0	15	0	0	16	0
seq5	62	145	111	113	537	151	153	104	82	129	85	153	158	75	140	385	147	372	1012	267	2928	9557	0	2704	3322	3339	2724	1597	5028	2763	4143	7280	3115	5339	4936	3351	0	0	6364	6051
seq50	236	646	0	46	250	60	18	12	196	370	103	112	70	0	468	81	195	136	105	72	38	163	1002	57	49	101	43	30	118	15	174	161	45	51	94	95	363	292	82	342
seq500	0	0	0	0	0	0	0	0	0	0	0	0	0	0	0	22	0	0	0	0	0	13	12	0	0	0	0	0	0	0	0	0	0	0	0	0	0	0	0	0
seq501	0	0	0	0	0	0	0	0	0	0	0	0	0	0	0	0	0	0	0	0	0	0	47	0	0	0	0	0	0	0	0	0	0	0	0	0	0	0	0	0
seq502	0	0	0	0	0	0	0	0	0	0	0	0	0	0	0	0	0	0	0	0	0	0	24	0	0	0	0	0	23	0	0	0	0	0	0	0	0	0	0	0
seq503	0	0	0	0	0	0	0	0	0	0	0	0	0	0	0	0	0	0	0	0	0	0	0	0	0	0	0	0	0	0	15	31	0	0	0	0	0	0	0	0
seq504	0	0	0	0	0	0	0	0	0	0	0	0	0	0	0	0	0	0	0	0	0	0	0	0	0	0	0	0	0	25	0	0	0	0	0	0	0	0	0	19
seq505	0	0	0	0	0	0	0	0	0	0	0	0	0	0	0	43	0	0	0	0	0	0	0	0	0	0	0	0	0	0	0	0	0	0	0	0	0	0	0	0
seq506	22	0	0	0	0	0	0	0	0	0	0	0	0	0	0	0	0	0	0	0	0	20	0	0	0	0	0	0	0	0	0	0	0	0	0	0	0	0	0	0
seq507	0	0	0	0	0	0	0	0	0	0	0	0	0	0	0	42	0	0	0	0	0	0	0	0	0	0	0	0	0	0	0	0	0	0	0	0	0	0	0	0
seq508	0	0	0	0	0	0	0	0	0	0	0	0	0	0	0	0	0	0	0	0	0	0	0	0	0	0	0	0	0	42	0	0	0	0	0	0	0	0	0	0
seq509	0	0	0	0	0	0	0	0	0	0	0	0	0	0	13	0	0	0	0	0	0	0	0	0	0	0	0	0	0	0	17	0	0	11	0	0	0	0	0	0
seq51	235	41	0	44	465	21	24	26	147	204	95	19	110	0	299	734	65	220	191	126	0	447	420	49	18	23	123	66	334	54	431	255	26	0	111	0	341	661	0	32
seq510	0	0	0	0	0	0	0	0	0	0	0	0	0	0	0	0	0	0	0	0	0	0	0	0	0	0	0	0	0	0	0	0	0	0	41	0	0	0	0	0
seq511	0	0	0	0	0	0	0	0	0	0	0	0	0	0	0	0	0	0	0	0	0	0	0	0	0	17	0	0	0	11	0	0	0	0	0	0	0	0	0	13
seq512	0	0	0	0	40	0	0	0	0	0	0	0	0	0	0	0	0	0	0	0	0	0	0	0	0	0	0	0	0	0	0	0	0	0	0	0	0	0	0	0
seq513	0	0	0	0	0	0	0	0	0	0	0	0	0	0	0	0	0	0	0	0	0	0	0	0	0	0	0	0	0	0	14	14	0	0	0	0	0	0	12	0
seq514	0	40	0	0	0	0	0	0	0	0	0	0	0	0	0	0	0	0	0	0	0	0	0	0	0	0	0	0	0	0	0	0	0	0	0	0	0	0	0	0
seq515	0	0	0	0	40	0	0	0	0	0	0	0	0	0	0	0	0	0	0	0	0	0	0	0	0	0	0	0	0	0	0	0	0	0	0	0	0	0	0	0
seq516	0	0	0	0	0	0	0	0	0	0	0	0	0	0	40	0	0	0	0	0	0	0	0	0	0	0	0	0	0	0	0	0	0	0	0	0	0	0	0	0
seq517	0	0	0	0	0	0	0	0	0	0	0	0	0	0	0	39	0	0	0	0	0	0	0	0	0	0	0	0	0	0	0	0	0	0	0	0	0	0	0	0
seq518	0	0	0	0	0	0	0	0	0	0	0	0	0	0	0	17	0	22	0	0	0	0	0	0	0	0	0	0	0	0	0	0	0	0	0	0	0	0	0	0
seq519	0	0	0	0	0	0	0	0	0	0	0	0	0	0	0	0	0	0	0	0	0	0	0	0	0	0	0	0	0	0	0	0	0	0	39	0	0	0	0	0
seq52	0	156	0	0	124	82	0	0	101	147	0	0	0	0	84	69	63	0	82	0	0	191	459	0	0	122	0	0	365	0	474	1605	103	297	0	0	720	526	395	200
seq520	0	0	0	0	0	0	0	0	0	0	0	0	0	0	0	0	0	0	0	0	0	0	0	0	0	0	0	0	0	0	0	38	0	0	0	0	0	0	0	0
seq521	0	0	0	0	0	0	0	0	0	0	0	0	0	0	0	0	0	0	0	0	0	0	11	0	0	0	0	0	0	0	0	13	0	0	14	0	0	0	0	0
seq522	0	0	0	0	0	0	0	0	0	0	0	0	0	0	0	0	0	0	0	0	0	0	0	0	0	0	0	0	0	0	0	16	0	0	0	0	22	0	0	0
seq523	0	0	0	0	0	0	0	0	0	0	0	0	0	0	0	0	0	0	0	0	0	0	0	0	0	0	0	0	0	0	21	0	0	0	0	0	0	0	16	0
seq524	0	0	0	0	0	0	0	0	0	0	0	0	0	0	0	0	0	0	0	0	0	16	0	0	0	0	0	0	0	0	21	0	0	0	0	0	0	0	0	0
seq525	0	0	0	0	0	0	0	0	0	0	0	0	0	0	0	0	0	0	0	0	0	0	0	0	0	0	0	0	0	0	0	0	0	0	14	0	0	0	23	0
seq526	0	0	0	0	0	0	0	0	0	0	0	0	0	0	0	36	0	0	0	0	0	0	0	0	0	0	0	0	0	0	0	0	0	0	0	0	0	0	0	0
seq527	16	20	0	0	0	0	0	0	0	0	0	0	0	0	0	0	0	0	0	0	0	0	0	0	0	0	0	0	0	0	0	0	0	0	0	0	0	0	0	0
seq528	0	0	0	0	0	0	0	0	0	0	0	0	0	0	0	0	0	0	0	0	0	0	0	0	0	0	0	0	0	0	0	0	0	0	20	0	16	0	0	0
seq529	0	0	0	0	0	0	0	0	0	0	0	0	0	0	0	0	0	0	0	0	0	0	0	0	0	0	0	0	0	0	0	0	0	0	0	0	36	0	0	0
seq53	0	0	0	0	0	0	0	0	103	110	264	224	455	0	1733	3274	0	0	0	0	0	0	0	0	0	0	0	0	0	0	0	0	0	0	0	147	0	0	16	0
seq530	0	0	0	0	0	0	0	0	0	0	0	0	0	0	0	0	0	0	0	15	0	21	0	0	0	0	0	0	0	0	0	0	0	0	0	0	0	0	0	0
seq531	0	0	0	0	0	0	0	35	0	0	0	0	0	0	0	0	0	0	0	0	0	0	0	0	0	0	0	0	0	0	0	0	0	0	0	0	0	0	0	0
seq532	0	0	0	0	0	0	0	0	0	0	0	0	0	0	0	11	0	0	0	0	0	13	0	0	0	0	11	0	0	0	0	0	0	0	0	0	0	0	0	0
seq533	0	0	0	0	0	0	0	0	0	0	0	0	0	0	0	0	0	0	0	0	0	0	0	0	0	0	0	0	0	0	22	0	0	13	0	0	0	0	0	0
seq534	0	0	0	0	0	0	0	0	0	0	0	0	0	0	0	0	0	0	0	0	0	0	0	11	0	0	0	0	0	0	0	24	0	0	0	0	0	0	0	0
seq535	0	0	0	0	0	0	0	0	0	0	0	0	0	0	0	0	0	0	0	0	0	0	0	0	0	0	0	0	0	0	0	0	0	0	0	0	35	0	0	0
seq536	0	0	0	0	0	0	0	0	0	0	0	0	0	0	0	0	0	0	0	0	0	0	0	0	0	0	0	34	0	0	0	0	0	0	0	0	0	0	0	0
seq537	0	0	0	0	0	0	0	0	0	0	0	0	0	0	0	0	0	0	0	0	0	0	0	0	0	0	0	0	0	0	0	0	0	0	0	0	34	0	0	0
seq538	0	0	0	0	0	0	0	0	0	0	0	0	0	0	0	0	0	0	0	0	0	0	0	0	0	0	0	0	0	0	0	15	18	0	0	0	0	0	0	0
seq539	0	0	33	0	0	0	0	0	0	0	0	0	0	0	0	0	0	0	0	0	0	0	0	0	0	0	0	0	0	0	0	0	0	0	0	0	0	0	0	0
seq54	217	602	140	189	425	52	0	17	146	184	18	11	0	0	127	237	231	437	101	228	161	152	470	91	122	79	266	129	81	53	101	188	71	38	165	70	24	125	50	315
seq540	0	0	0	0	0	0	0	0	0	0	0	0	0	0	0	0	0	0	0	0	0	0	0	0	0	33	0	0	0	0	0	0	0	0	0	0	0	0	0	0
seq541	0	0	0	0	0	0	0	0	17	0	0	0	0	0	16	0	0	0	0	0	0	0	0	0	0	0	0	0	0	0	0	0	0	0	0	0	0	0	0	0
seq542	0	0	0	0	0	0	0	0	0	0	0	0	0	0	0	17	0	0	0	0	0	0	0	0	0	0	0	0	0	0	0	16	0	0	0	0	0	0	0	0
seq543	0	0	0	0	0	0	0	0	0	0	0	0	0	0	0	11	0	0	21	0	0	0	0	0	0	0	0	0	0	0	0	0	0	0	0	0	0	0	0	0
seq544	0	0	32	0	0	0	0	0	0	0	0	0	0	0	0	0	0	0	0	0	0	0	0	0	0	0	0	0	0	0	0	0	0	0	0	0	0	0	0	0
seq545	0	0	0	0	13	0	0	0	0	0	0	0	0	0	0	0	0	0	0	0	0	0	0	0	0	0	0	0	0	0	0	18	0	0	0	0	0	0	0	0
seq546	0	0	0	0	0	0	0	0	0	0	0	0	0	0	0	0	0	0	0	0	0	0	0	0	0	14	0	0	0	0	0	0	0	0	0	0	0	0	0	16
seq547	0	0	0	0	0	0	0	0	0	0	0	0	0	0	0	0	0	0	0	0	0	0	30	0	0	0	0	0	0	0	0	0	0	0	0	0	0	0	0	0
seq548	0	0	0	0	0	0	0	0	0	0	0	0	0	0	0	0	0	0	0	0	0	0	0	0	0	0	0	30	0	0	0	0	0	0	0	0	0	0	0	0
seq549	0	0	0	0	0	0	0	0	0	0	0	0	0	0	0	0	0	0	0	0	0	0	0	0	0	0	0	0	0	0	30	0	0	0	0	0	0	0	0	0
seq55	0	0	0	0	0	0	0	0	29	28	0	38	40	30	44	104	0	0	0	0	93	1064	305	399	538	86	166	108	155	145	143	296	100	289	293	263	576	130	263	146
seq550	0	0	0	0	0	0	0	0	0	0	0	0	0	0	0	30	0	0	0	0	0	0	0	0	0	0	0	0	0	0	0	0	0	0	0	0	0	0	0	0
seq551	0	0	0	0	0	0	0	0	0	0	0	0	0	0	0	0	0	0	0	0	0	0	0	0	0	0	0	0	0	0	0	0	30	0	0	0	0	0	0	0
seq552	0	0	0	0	0	0	0	0	0	0	0	0	0	0	0	0	0	0	0	0	0	30	0	0	0	0	0	0	0	0	0	0	0	0	0	0	0	0	0	0
seq553	0	0	0	0	0	0	0	0	0	0	0	0	0	0	0	18	0	0	0	0	0	0	0	0	0	0	0	0	0	0	0	0	0	12	0	0	0	0	0	0
seq554	0	0	0	0	0	0	0	0	0	0	0	0	0	0	0	0	0	0	0	0	0	12	0	0	0	0	0	0	0	0	0	0	0	0	0	0	0	18	0	0
seq555	0	0	0	0	30	0	0	0	0	0	0	0	0	0	0	0	0	0	0	0	0	0	0	0	0	0	0	0	0	0	0	0	0	0	0	0	0	0	0	0
seq556	0	0	0	0	0	0	0	0	0	0	0	0	0	0	0	0	0	0	0	0	0	0	0	0	0	0	0	0	0	0	0	0	0	29	0	0	0	0	0	0
seq557	0	0	0	0	17	0	0	0	0	0	0	0	0	0	0	12	0	0	0	0	0	0	0	0	0	0	0	0	0	0	0	0	0	0	0	0	0	0	0	0
seq558	0	0	0	0	0	0	0	0	0	0	0	0	0	0	0	0	0	0	0	0	0	0	0	0	0	0	0	0	11	0	0	17	0	0	0	0	0	0	0	0
seq559	0	0	0	0	0	0	0	0	0	0	0	0	0	0	0	0	0	0	0	0	0	0	0	0	0	0	0	0	0	0	0	16	0	0	0	0	12	0	0	0
seq56	159	325	31	55	0	0	0	0	0	0	0	0	1415	517	1287	1876	0	0	0	0	0	0	0	0	0	0	0	0	0	0	0	0	0	0	0	0	0	0	0	0
seq560	0	28	0	0	0	0	0	0	0	0	0	0	0	0	0	0	0	0	0	0	0	0	0	0	0	0	0	0	0	0	0	0	0	0	0	0	0	0	0	0
seq561	28	0	0	0	0	0	0	0	0	0	0	0	0	0	0	0	0	0	0	0	0	0	0	0	0	0	0	0	0	0	0	0	0	0	0	0	0	0	0	0
seq562	0	0	0	0	0	0	0	0	0	0	0	0	0	0	0	0	0	0	0	0	0	0	0	0	0	0	0	0	0	0	0	0	0	15	0	0	0	0	13	0
seq563	0	0	27	0	0	0	0	0	0	0	0	0	0	0	0	0	0	0	0	0	0	0	0	0	0	0	0	0	0	0	0	0	0	0	0	0	0	0	0	0
seq564	0	0	0	0	0	0	0	0	0	0	0	0	16	0	0	11	0	0	0	0	0	0	0	0	0	0	0	0	0	0	0	0	0	0	0	0	0	0	0	0
seq565	0	0	0	11	0	0	0	0	0	0	0	0	0	16	0	0	0	0	0	0	0	0	0	0	0	0	0	0	0	0	0	0	0	0	0	0	0	0	0	0
seq566	0	0	0	0	0	0	0	0	0	0	0	0	0	0	12	0	0	0	0	0	0	0	0	0	0	0	0	0	0	0	0	0	0	0	0	0	15	0	0	0
seq567	0	0	0	0	0	0	0	0	0	0	0	0	0	0	0	0	0	0	0	0	0	0	0	0	0	0	0	0	16	0	0	11	0	0	0	0	0	0	0	0
seq568	0	0	0	0	0	27	0	0	0	0	0	0	0	0	0	0	0	0	0	0	0	0	0	0	0	0	0	0	0	0	0	0	0	0	0	0	0	0	0	0
seq569	0	0	0	0	0	0	0	0	0	0	0	0	0	0	0	0	0	0	0	0	0	0	0	0	0	0	0	0	0	0	0	0	0	0	0	0	0	26	0	0
seq57	271	508	109	0	0	90	21	31	176	304	253	68	402	0	1584	0	56	75	219	217	21	378	21	56	45	99	0	0	71	0	64	75	67	73	0	96	24	0	67	87
seq570	0	0	0	0	0	0	0	0	0	26	0	0	0	0	0	0	0	0	0	0	0	0	0	0	0	0	0	0	0	0	0	0	0	0	0	0	0	0	0	0
seq571	0	0	0	0	0	0	0	0	0	0	0	0	0	0	0	0	0	0	13	0	0	0	0	0	13	0	0	0	0	0	0	0	0	0	0	0	0	0	0	0
seq572	0	0	0	0	0	0	0	0	0	0	0	0	0	0	0	0	0	0	0	0	0	0	0	0	0	0	0	0	0	0	0	0	0	13	0	0	0	0	13	0
seq573	0	0	0	0	0	15	11	0	0	0	0	0	0	0	0	0	0	0	0	0	0	0	0	0	0	0	0	0	0	0	0	0	0	0	0	0	0	0	0	0
seq574	0	0	0	0	0	0	0	0	0	0	0	0	0	0	0	0	0	0	0	0	0	0	0	0	0	0	0	0	0	0	0	0	0	0	0	0	26	0	0	0
seq575	0	0	0	0	0	0	0	0	25	0	0	0	0	0	0	0	0	0	0	0	0	0	0	0	0	0	0	0	0	0	0	0	0	0	0	0	0	0	0	0
seq576	0	0	0	0	0	0	0	0	0	0	0	0	0	0	13	12	0	0	0	0	0	0	0	0	0	0	0	0	0	0	0	0	0	0	0	0	0	0	0	0
seq577	0	0	0	0	0	0	0	0	0	0	0	0	0	0	13	0	0	0	0	0	0	0	0	0	0	0	0	0	0	0	0	12	0	0	0	0	0	0	0	0
seq578	0	0	0	0	25	0	0	0	0	0	0	0	0	0	0	0	0	0	0	0	0	0	0	0	0	0	0	0	0	0	0	0	0	0	0	0	0	0	0	0
seq579	0	0	0	0	0	0	0	0	0	0	0	0	0	0	0	0	0	0	0	0	0	0	0	0	0	0	0	14	0	11	0	0	0	0	0	0	0	0	0	0
seq58	512	361	565	85	718	158	37	65	0	0	0	0	0	0	0	0	78	511	493	0	68	821	0	32	28	431	0	0	0	0	0	0	355	0	0	0	0	0	0	198
seq580	0	0	0	0	0	0	0	0	0	0	0	0	0	0	0	0	0	0	0	0	0	24	0	0	0	0	0	0	0	0	0	0	0	0	0	0	0	0	0	0
seq581	0	0	0	0	0	0	0	0	0	0	0	0	0	0	24	0	0	0	0	0	0	0	0	0	0	0	0	0	0	0	0	0	0	0	0	0	0	0	0	0
seq582	0	0	0	0	0	0	0	0	0	0	0	0	0	0	0	24	0	0	0	0	0	0	0	0	0	0	0	0	0	0	0	0	0	0	0	0	0	0	0	0
seq583	0	0	0	0	0	0	0	0	0	0	0	0	0	0	0	0	24	0	0	0	0	0	0	0	0	0	0	0	0	0	0	0	0	0	0	0	0	0	0	0
seq584	0	0	0	23	0	0	0	0	0	0	0	0	0	0	0	0	0	0	0	0	0	0	0	0	0	0	0	0	0	0	0	0	0	0	0	0	0	0	0	0
seq585	0	0	0	0	0	0	0	0	0	0	0	0	0	0	23	0	0	0	0	0	0	0	0	0	0	0	0	0	0	0	0	0	0	0	0	0	0	0	0	0
seq586	0	0	0	0	0	0	0	0	0	0	0	0	0	0	0	0	0	0	0	0	0	0	0	0	0	0	0	0	0	0	0	0	0	0	0	0	23	0	0	0
seq587	0	0	0	0	0	0	0	0	0	0	0	0	0	0	0	0	0	0	0	0	0	0	0	0	0	11	0	0	0	0	0	0	0	0	0	12	0	0	0	0
seq588	0	0	0	0	0	0	0	0	0	0	0	0	0	0	0	0	0	0	0	0	0	0	12	0	0	0	0	0	0	0	0	11	0	0	0	0	0	0	0	0
seq589	0	0	0	0	0	0	0	0	0	0	0	0	0	0	0	0	0	0	0	0	0	0	23	0	0	0	0	0	0	0	0	0	0	0	0	0	0	0	0	0
seq59	345	496	157	114	325	87	0	17	265	378	82	80	21	0	136	484	91	115	39	133	85	60	396	15	0	71	98	52	61	18	96	160	51	69	137	34	128	137	96	200
seq590	12	0	0	0	0	0	0	0	0	0	0	0	0	0	0	0	0	0	0	0	0	0	0	0	0	11	0	0	0	0	0	0	0	0	0	0	0	0	0	0
seq591	0	0	0	0	0	0	0	0	0	0	0	0	0	0	0	0	0	0	0	0	0	0	0	0	0	0	0	0	0	23	0	0	0	0	0	0	0	0	0	0
seq592	0	0	0	0	0	0	0	0	0	0	0	11	12	0	0	0	0	0	0	0	0	0	0	0	0	0	0	0	0	0	0	0	0	0	0	0	0	0	0	0
seq593	0	0	22	0	0	0	0	0	0	0	0	0	0	0	0	0	0	0	0	0	0	0	0	0	0	0	0	0	0	0	0	0	0	0	0	0	0	0	0	0
seq594	0	0	0	0	0	0	0	0	0	0	0	0	0	0	0	0	0	0	0	0	0	0	0	0	0	0	0	0	0	0	0	0	0	22	0	0	0	0	0	0
seq595	0	0	0	0	0	0	0	0	0	0	0	0	0	0	0	0	0	0	0	0	0	0	0	0	0	0	0	0	0	0	0	22	0	0	0	0	0	0	0	0
seq596	0	0	0	0	22	0	0	0	0	0	0	0	0	0	0	0	0	0	0	0	0	0	0	0	0	0	0	0	0	0	0	0	0	0	0	0	0	0	0	0
seq597	0	0	0	0	0	0	0	0	0	0	0	0	0	0	0	0	0	0	0	0	0	0	0	0	0	0	0	0	0	0	22	0	0	0	0	0	0	0	0	0
seq598	0	0	0	0	0	0	0	0	0	0	0	0	0	0	0	21	0	0	0	0	0	0	0	0	0	0	0	0	0	0	0	0	0	0	0	0	0	0	0	0
seq599	0	21	0	0	0	0	0	0	0	0	0	0	0	0	0	0	0	0	0	0	0	0	0	0	0	0	0	0	0	0	0	0	0	0	0	0	0	0	0	0
seq6	58	118	90	119	531	139	160	151	92	118	93	141	124	77	156	365	174	366	890	290	2805	9218	0	2671	3200	3158	2456	1556	4660	2493	3756	6535	2880	4864	4632	3059	0	0	5721	5801
seq60	0	289	0	0	0	34	28	43	496	866	45	0	0	0	34	238	13	0	0	82	0	0	27	0	0	92	0	0	469	0	541	725	68	284	0	20	380	87	385	64
seq600	0	0	0	0	0	0	0	0	0	0	0	0	0	0	0	0	0	0	0	0	0	0	0	0	0	0	0	0	0	0	0	0	0	0	0	0	0	0	21	0
seq601	0	0	0	21	0	0	0	0	0	0	0	0	0	0	0	0	0	0	0	0	0	0	0	0	0	0	0	0	0	0	0	0	0	0	0	0	0	0	0	0
seq602	0	20	0	0	0	0	0	0	0	0	0	0	0	0	0	0	0	0	0	0	0	0	0	0	0	0	0	0	0	0	0	0	0	0	0	0	0	0	0	0
seq603	0	0	0	0	0	0	0	0	0	20	0	0	0	0	0	0	0	0	0	0	0	0	0	0	0	0	0	0	0	0	0	0	0	0	0	0	0	0	0	0
seq604	0	0	0	0	0	0	0	0	0	0	0	0	0	0	0	0	0	0	0	0	0	0	0	0	0	0	0	0	0	0	0	0	0	0	0	0	20	0	0	0
seq605	0	0	0	0	20	0	0	0	0	0	0	0	0	0	0	0	0	0	0	0	0	0	0	0	0	0	0	0	0	0	0	0	0	0	0	0	0	0	0	0
seq606	0	0	0	0	0	0	0	0	0	0	0	0	0	0	0	19	0	0	0	0	0	0	0	0	0	0	0	0	0	0	0	0	0	0	0	0	0	0	0	0
seq607	0	19	0	0	0	0	0	0	0	0	0	0	0	0	0	0	0	0	0	0	0	0	0	0	0	0	0	0	0	0	0	0	0	0	0	0	0	0	0	0
seq608	0	0	0	0	0	0	0	0	0	0	0	0	0	0	0	0	0	0	0	0	0	0	0	0	0	0	0	0	0	0	0	19	0	0	0	0	0	0	0	0
seq609	0	0	0	0	0	0	0	0	0	0	0	0	0	0	0	0	0	0	0	0	0	0	0	0	0	0	0	0	0	0	0	0	0	0	0	0	0	0	0	19
seq61	316	564	129	315	0	0	0	0	57	84	30	72	206	155	255	644	248	471	1242	367	0	0	0	0	0	0	0	0	0	0	0	0	0	0	0	0	0	0	0	0
seq610	0	0	0	0	0	0	19	0	0	0	0	0	0	0	0	0	0	0	0	0	0	0	0	0	0	0	0	0	0	0	0	0	0	0	0	0	0	0	0	0
seq611	0	0	0	0	19	0	0	0	0	0	0	0	0	0	0	0	0	0	0	0	0	0	0	0	0	0	0	0	0	0	0	0	0	0	0	0	0	0	0	0
seq612	0	0	0	0	0	0	0	0	0	0	0	0	0	0	0	0	0	0	0	0	0	0	0	0	19	0	0	0	0	0	0	0	0	0	0	0	0	0	0	0
seq613	0	0	0	0	0	0	0	0	0	0	0	0	0	0	0	0	0	0	0	0	0	0	0	0	0	0	0	0	0	0	0	0	0	19	0	0	0	0	0	0
seq614	0	0	0	0	0	0	0	0	0	0	0	0	0	0	0	0	0	0	0	0	0	0	0	0	0	0	0	0	0	0	0	0	0	0	0	0	0	19	0	0
seq615	0	0	0	0	0	0	0	0	0	0	0	0	0	0	0	0	0	0	0	0	0	0	0	0	0	18	0	0	0	0	0	0	0	0	0	0	0	0	0	0
seq616	0	0	18	0	0	0	0	0	0	0	0	0	0	0	0	0	0	0	0	0	0	0	0	0	0	0	0	0	0	0	0	0	0	0	0	0	0	0	0	0
seq617	0	0	0	0	0	0	0	0	0	0	0	0	0	0	0	0	0	0	0	0	0	0	0	0	0	0	0	0	0	0	0	0	0	0	18	0	0	0	0	0
seq618	0	0	0	0	0	0	0	0	0	0	0	0	0	0	0	0	18	0	0	0	0	0	0	0	0	0	0	0	0	0	0	0	0	0	0	0	0	0	0	0
seq619	0	0	0	17	0	0	0	0	0	0	0	0	0	0	0	0	0	0	0	0	0	0	0	0	0	0	0	0	0	0	0	0	0	0	0	0	0	0	0	0
seq62	0	436	0	195	220	41	271	158	19	37	0	36	40	0	55	110	39	140	338	137	409	0	0	0	0	660	0	0	0	0	0	0	614	0	0	0	0	0	0	1175
seq620	0	0	0	0	0	0	0	0	0	0	0	0	0	0	0	0	0	0	0	0	0	0	0	0	0	0	0	0	0	0	0	0	0	0	0	0	0	17	0	0
seq621	0	0	0	0	0	0	0	0	0	0	0	0	0	0	0	0	0	0	0	0	0	0	0	0	0	0	0	0	0	0	0	0	0	0	0	0	0	0	0	17
seq622	0	0	0	0	0	0	0	0	0	0	0	0	0	0	0	17	0	0	0	0	0	0	0	0	0	0	0	0	0	0	0	0	0	0	0	0	0	0	0	0
seq623	0	0	0	0	0	0	0	0	0	0	0	0	0	0	0	0	0	0	0	0	0	0	17	0	0	0	0	0	0	0	0	0	0	0	0	0	0	0	0	0
seq624	0	0	0	0	0	0	0	0	0	0	0	0	0	0	0	0	0	0	0	0	0	0	17	0	0	0	0	0	0	0	0	0	0	0	0	0	0	0	0	0
seq625	0	0	0	0	0	0	0	0	0	0	0	0	0	0	0	17	0	0	0	0	0	0	0	0	0	0	0	0	0	0	0	0	0	0	0	0	0	0	0	0
seq626	0	0	0	0	0	0	0	0	17	0	0	0	0	0	0	0	0	0	0	0	0	0	0	0	0	0	0	0	0	0	0	0	0	0	0	0	0	0	0	0
seq627	0	0	0	0	0	0	0	0	0	0	0	0	0	0	0	0	0	0	0	0	0	17	0	0	0	0	0	0	0	0	0	0	0	0	0	0	0	0	0	0
seq628	0	0	0	0	0	0	0	0	0	0	0	0	0	0	0	0	0	0	0	0	0	16	0	0	0	0	0	0	0	0	0	0	0	0	0	0	0	0	0	0
seq629	0	0	0	0	0	0	0	0	0	0	0	0	0	0	0	0	0	0	0	0	0	16	0	0	0	0	0	0	0	0	0	0	0	0	0	0	0	0	0	0
seq63	0	285	0	594	465	759	377	344	263	426	95	197	157	212	315	609	0	0	0	0	0	0	0	0	0	0	0	0	0	0	0	0	0	0	0	0	0	0	0	0
seq630	0	0	0	0	16	0	0	0	0	0	0	0	0	0	0	0	0	0	0	0	0	0	0	0	0	0	0	0	0	0	0	0	0	0	0	0	0	0	0	0
seq631	0	0	0	0	0	0	0	0	0	0	0	0	0	0	0	16	0	0	0	0	0	0	0	0	0	0	0	0	0	0	0	0	0	0	0	0	0	0	0	0
seq632	0	0	0	0	16	0	0	0	0	0	0	0	0	0	0	0	0	0	0	0	0	0	0	0	0	0	0	0	0	0	0	0	0	0	0	0	0	0	0	0
seq633	0	0	0	0	0	0	0	0	0	0	0	0	0	0	0	16	0	0	0	0	0	0	0	0	0	0	0	0	0	0	0	0	0	0	0	0	0	0	0	0
seq634	0	0	0	0	0	0	0	0	0	0	0	0	0	0	0	0	0	0	0	0	0	0	0	0	0	0	0	0	0	0	0	0	0	0	0	0	16	0	0	0
seq635	0	0	0	0	0	0	0	0	0	0	0	0	0	0	0	0	0	0	0	0	0	0	0	0	0	0	0	15	0	0	0	0	0	0	0	0	0	0	0	0
seq636	0	0	0	0	0	0	0	0	0	0	0	0	0	0	0	0	0	0	15	0	0	0	0	0	0	0	0	0	0	0	0	0	0	0	0	0	0	0	0	0
seq637	0	0	0	0	15	0	0	0	0	0	0	0	0	0	0	0	0	0	0	0	0	0	0	0	0	0	0	0	0	0	0	0	0	0	0	0	0	0	0	0
seq638	0	0	0	0	0	0	0	0	0	0	0	0	0	0	0	0	0	0	0	0	0	0	0	0	0	0	0	0	0	0	0	0	0	0	0	0	0	0	0	15
seq639	0	0	0	0	0	0	0	0	0	0	0	0	0	0	15	0	0	0	0	0	0	0	0	0	0	0	0	0	0	0	0	0	0	0	0	0	0	0	0	0
seq64	345	349	0	328	590	378	248	222	244	432	174	191	242	54	327	759	0	0	0	0	0	0	0	0	0	0	0	0	0	0	0	0	0	0	0	0	0	0	0	0
seq640	0	0	0	0	0	0	15	0	0	0	0	0	0	0	0	0	0	0	0	0	0	0	0	0	0	0	0	0	0	0	0	0	0	0	0	0	0	0	0	0
seq641	0	0	0	0	0	0	0	0	0	0	0	0	0	0	0	0	0	0	0	0	0	0	0	0	0	0	0	0	0	0	0	15	0	0	0	0	0	0	0	0
seq642	0	0	0	0	0	0	0	0	0	0	0	0	0	0	0	0	0	0	0	0	0	0	15	0	0	0	0	0	0	0	0	0	0	0	0	0	0	0	0	0
seq643	0	0	0	0	0	0	0	0	0	0	0	0	0	0	0	0	0	0	0	0	0	0	0	0	0	0	15	0	0	0	0	0	0	0	0	0	0	0	0	0
seq644	0	15	0	0	0	0	0	0	0	0	0	0	0	0	0	0	0	0	0	0	0	0	0	0	0	0	0	0	0	0	0	0	0	0	0	0	0	0	0	0
seq645	0	0	0	0	0	0	0	0	0	0	0	0	0	0	0	0	0	0	15	0	0	0	0	0	0	0	0	0	0	0	0	0	0	0	0	0	0	0	0	0
seq646	0	0	0	0	0	0	0	0	0	0	0	0	0	0	0	0	0	0	0	0	0	0	0	0	0	0	0	0	0	0	0	0	0	0	0	0	0	0	0	15
seq647	0	0	0	0	0	0	0	0	0	0	0	0	0	0	0	0	0	0	0	0	0	0	0	0	0	0	0	0	0	0	15	0	0	0	0	0	0	0	0	0
seq648	0	0	0	0	0	0	0	0	0	0	0	0	0	0	0	0	0	0	0	0	0	0	0	0	0	0	0	0	0	0	0	0	0	0	15	0	0	0	0	0
seq649	0	0	0	0	0	0	0	0	0	0	0	0	0	0	0	0	0	0	0	0	0	0	0	0	0	0	0	0	0	0	0	0	0	0	0	0	0	0	0	15
seq65	254	198	139	130	96	19	0	11	114	169	45	14	39	20	181	588	69	77	233	236	0	109	360	18	18	0	29	13	102	0	132	162	0	194	245	39	280	279	204	19
seq650	0	0	0	0	0	0	15	0	0	0	0	0	0	0	0	0	0	0	0	0	0	0	0	0	0	0	0	0	0	0	0	0	0	0	0	0	0	0	0	0
seq651	0	15	0	0	0	0	0	0	0	0	0	0	0	0	0	0	0	0	0	0	0	0	0	0	0	0	0	0	0	0	0	0	0	0	0	0	0	0	0	0
seq652	0	14	0	0	0	0	0	0	0	0	0	0	0	0	0	0	0	0	0	0	0	0	0	0	0	0	0	0	0	0	0	0	0	0	0	0	0	0	0	0
seq653	0	0	0	0	0	0	0	0	0	0	0	0	0	0	0	0	0	0	0	0	0	0	0	0	0	0	0	0	0	0	0	0	0	0	0	0	0	14	0	0
seq654	0	0	0	0	0	0	0	0	0	0	0	0	0	0	0	0	0	0	0	0	0	14	0	0	0	0	0	0	0	0	0	0	0	0	0	0	0	0	0	0
seq655	0	0	0	0	0	0	0	0	0	0	14	0	0	0	0	0	0	0	0	0	0	0	0	0	0	0	0	0	0	0	0	0	0	0	0	0	0	0	0	0
seq656	0	0	0	0	14	0	0	0	0	0	0	0	0	0	0	0	0	0	0	0	0	0	0	0	0	0	0	0	0	0	0	0	0	0	0	0	0	0	0	0
seq657	0	0	0	0	0	0	0	0	0	0	0	0	0	0	0	14	0	0	0	0	0	0	0	0	0	0	0	0	0	0	0	0	0	0	0	0	0	0	0	0
seq658	0	0	0	0	0	0	0	0	0	0	0	0	0	0	0	0	14	0	0	0	0	0	0	0	0	0	0	0	0	0	0	0	0	0	0	0	0	0	0	0
seq659	0	14	0	0	0	0	0	0	0	0	0	0	0	0	0	0	0	0	0	0	0	0	0	0	0	0	0	0	0	0	0	0	0	0	0	0	0	0	0	0
seq66	116	0	0	0	247	40	22	29	84	119	70	0	155	0	666	923	0	0	0	155	0	38	0	0	0	0	171	113	59	52	121	520	0	125	167	0	552	0	160	0
seq660	0	0	0	0	0	0	0	0	0	0	0	0	0	0	0	0	0	0	0	0	0	14	0	0	0	0	0	0	0	0	0	0	0	0	0	0	0	0	0	0
seq661	0	0	0	0	0	0	0	0	0	0	0	0	0	0	0	0	0	0	0	0	0	0	0	0	0	0	0	0	0	0	0	0	0	0	0	14	0	0	0	0
seq662	0	0	0	0	0	0	0	0	0	0	0	0	0	0	0	0	0	0	0	0	0	0	0	0	0	0	0	0	0	0	0	14	0	0	0	0	0	0	0	0
seq663	0	0	0	0	0	0	0	0	14	0	0	0	0	0	0	0	0	0	0	0	0	0	0	0	0	0	0	0	0	0	0	0	0	0	0	0	0	0	0	0
seq664	0	0	0	0	0	0	0	0	0	0	0	0	0	0	0	0	0	0	14	0	0	0	0	0	0	0	0	0	0	0	0	0	0	0	0	0	0	0	0	0
seq665	0	0	0	0	0	0	0	0	0	0	0	0	0	0	0	14	0	0	0	0	0	0	0	0	0	0	0	0	0	0	0	0	0	0	0	0	0	0	0	0
seq666	0	0	0	0	0	0	0	0	0	0	0	0	0	0	0	0	0	0	0	0	0	0	0	0	0	0	0	0	0	0	0	0	14	0	0	0	0	0	0	0
seq667	0	0	0	0	0	0	0	14	0	0	0	0	0	0	0	0	0	0	0	0	0	0	0	0	0	0	0	0	0	0	0	0	0	0	0	0	0	0	0	0
seq668	0	0	0	0	0	0	0	0	0	0	0	0	0	0	0	0	0	0	0	0	0	0	0	0	0	0	0	0	0	0	0	0	14	0	0	0	0	0	0	0
seq669	0	0	0	0	0	0	0	0	0	0	0	0	0	0	0	0	0	0	0	0	0	0	0	0	0	0	0	0	0	0	0	0	0	14	0	0	0	0	0	0
seq67	0	333	0	148	212	40	213	136	18	37	30	45	34	49	47	123	43	133	327	121	334	0	0	0	0	540	0	0	0	0	0	0	521	0	0	0	0	0	0	1043
seq670	0	0	0	0	0	0	0	0	0	0	0	0	0	0	0	0	0	0	0	0	0	0	14	0	0	0	0	0	0	0	0	0	0	0	0	0	0	0	0	0
seq671	0	0	0	0	0	0	0	0	0	0	0	0	0	0	0	0	0	0	0	0	0	0	0	0	14	0	0	0	0	0	0	0	0	0	0	0	0	0	0	0
seq672	0	0	0	0	0	0	0	0	0	0	0	0	0	0	0	0	0	0	0	0	0	0	0	0	0	0	0	0	13	0	0	0	0	0	0	0	0	0	0	0
seq673	0	0	0	0	0	0	0	0	0	0	0	0	0	0	0	0	0	0	0	0	0	0	0	0	0	0	0	0	0	0	0	0	0	0	0	0	0	0	13	0
seq674	0	0	0	0	0	0	0	0	0	0	0	0	0	0	13	0	0	0	0	0	0	0	0	0	0	0	0	0	0	0	0	0	0	0	0	0	0	0	0	0
seq675	0	0	0	0	0	0	0	0	0	0	0	0	0	0	0	0	0	0	0	0	0	0	0	0	0	0	0	0	0	0	0	0	0	0	0	0	0	0	13	0
seq676	0	0	0	0	0	0	0	0	0	0	0	0	0	0	0	0	0	0	0	0	0	0	0	0	0	0	0	0	0	0	0	0	0	0	13	0	0	0	0	0
seq677	0	0	0	0	0	0	0	0	0	0	0	0	0	0	0	0	0	0	13	0	0	0	0	0	0	0	0	0	0	0	0	0	0	0	0	0	0	0	0	0
seq678	0	0	0	0	0	0	0	0	0	0	0	0	0	0	0	0	0	0	0	0	0	0	0	0	13	0	0	0	0	0	0	0	0	0	0	0	0	0	0	0
seq679	0	0	0	0	0	0	0	0	0	0	0	0	0	0	0	0	13	0	0	0	0	0	0	0	0	0	0	0	0	0	0	0	0	0	0	0	0	0	0	0
seq68	160	168	97	230	680	282	272	250	131	155	96	85	184	140	245	597	90	180	375	101	0	0	0	0	0	0	0	0	0	0	0	0	0	0	0	0	0	0	0	0
seq680	0	0	0	0	13	0	0	0	0	0	0	0	0	0	0	0	0	0	0	0	0	0	0	0	0	0	0	0	0	0	0	0	0	0	0	0	0	0	0	0
seq681	0	0	0	0	0	0	0	0	0	0	0	0	0	0	13	0	0	0	0	0	0	0	0	0	0	0	0	0	0	0	0	0	0	0	0	0	0	0	0	0
seq682	0	0	0	0	0	0	0	0	0	0	0	0	13	0	0	0	0	0	0	0	0	0	0	0	0	0	0	0	0	0	0	0	0	0	0	0	0	0	0	0
seq683	0	0	0	0	0	0	0	0	0	0	0	0	0	0	0	0	0	0	0	0	0	13	0	0	0	0	0	0	0	0	0	0	0	0	0	0	0	0	0	0
seq684	0	0	0	0	0	0	0	0	0	0	0	0	0	0	0	13	0	0	0	0	0	0	0	0	0	0	0	0	0	0	0	0	0	0	0	0	0	0	0	0
seq685	0	0	0	0	0	0	0	0	0	0	0	0	0	0	0	0	0	0	0	0	0	0	0	0	0	0	13	0	0	0	0	0	0	0	0	0	0	0	0	0
seq686	0	0	0	0	0	0	0	0	0	0	13	0	0	0	0	0	0	0	0	0	0	0	0	0	0	0	0	0	0	0	0	0	0	0	0	0	0	0	0	0
seq687	0	0	0	0	13	0	0	0	0	0	0	0	0	0	0	0	0	0	0	0	0	0	0	0	0	0	0	0	0	0	0	0	0	0	0	0	0	0	0	0
seq688	0	0	0	0	0	0	0	0	0	0	0	0	0	0	0	0	0	0	0	0	0	0	0	0	0	0	0	0	0	0	0	0	0	13	0	0	0	0	0	0
seq689	0	0	0	0	0	0	0	0	0	0	0	0	0	0	0	13	0	0	0	0	0	0	0	0	0	0	0	0	0	0	0	0	0	0	0	0	0	0	0	0
seq69	80	39	83	0	155	0	0	0	366	497	71	0	89	0	403	334	0	68	75	38	0	85	132	0	0	46	22	33	115	23	171	441	56	35	0	0	154	508	50	28
seq690	0	0	0	0	0	0	0	0	0	0	0	0	0	0	0	0	0	0	0	0	0	0	0	0	0	0	0	0	0	0	0	13	0	0	0	0	0	0	0	0
seq691	0	0	0	0	0	0	0	0	0	0	0	0	0	0	0	0	0	0	0	0	0	0	0	0	0	0	0	0	0	0	0	0	0	0	0	0	0	0	0	13
seq692	0	0	0	0	0	0	0	0	0	0	0	0	0	0	0	0	0	0	0	0	0	0	0	0	0	0	0	0	13	0	0	0	0	0	0	0	0	0	0	0
seq693	0	0	13	0	0	0	0	0	0	0	0	0	0	0	0	0	0	0	0	0	0	0	0	0	0	0	0	0	0	0	0	0	0	0	0	0	0	0	0	0
seq694	0	13	0	0	0	0	0	0	0	0	0	0	0	0	0	0	0	0	0	0	0	0	0	0	0	0	0	0	0	0	0	0	0	0	0	0	0	0	0	0
seq695	0	0	0	0	0	0	0	0	0	0	0	0	0	0	0	0	0	0	0	0	0	0	0	0	0	0	0	0	0	0	0	0	0	0	0	12	0	0	0	0
seq696	0	0	0	0	0	0	0	0	0	0	0	0	0	0	0	0	0	0	0	0	0	0	0	0	0	0	0	0	0	0	0	0	0	0	0	0	0	0	12	0
seq697	0	0	0	0	0	0	0	0	0	0	0	0	0	0	0	0	12	0	0	0	0	0	0	0	0	0	0	0	0	0	0	0	0	0	0	0	0	0	0	0
seq698	0	0	0	0	0	0	0	0	0	0	0	0	0	0	0	0	0	0	0	0	0	0	0	0	0	0	0	0	0	0	0	0	0	0	0	0	12	0	0	0
seq699	0	0	0	0	0	0	0	0	0	0	0	0	0	0	0	0	0	0	0	0	0	0	0	0	0	0	0	0	0	0	0	0	0	12	0	0	0	0	0	0
seq7	92	555	0	581	1424	124	141	138	245	362	186	264	160	67	188	556	374	778	1218	540	922	4832	2013	863	916	1422	1436	829	2905	1196	2458	4237	1256	2446	1082	917	7329	979	3062	2564
seq70	686	492	333	653	653	171	263	211	128	260	64	114	0	0	23	57	0	0	0	0	0	0	0	0	0	0	0	0	0	0	0	0	0	0	0	0	0	0	0	0
seq700	0	0	0	0	0	0	0	0	0	0	0	0	0	0	0	0	0	0	0	12	0	0	0	0	0	0	0	0	0	0	0	0	0	0	0	0	0	0	0	0
seq701	0	0	0	0	0	0	0	0	0	0	0	0	0	0	0	0	0	0	0	0	12	0	0	0	0	0	0	0	0	0	0	0	0	0	0	0	0	0	0	0
seq702	0	0	0	0	12	0	0	0	0	0	0	0	0	0	0	0	0	0	0	0	0	0	0	0	0	0	0	0	0	0	0	0	0	0	0	0	0	0	0	0
seq703	0	0	0	0	0	0	0	0	0	0	0	0	0	0	0	0	0	0	0	0	0	0	0	0	0	0	0	0	0	0	0	0	0	0	0	0	12	0	0	0
seq704	0	0	0	0	0	0	0	0	0	0	0	0	0	0	0	0	0	0	0	0	0	12	0	0	0	0	0	0	0	0	0	0	0	0	0	0	0	0	0	0
seq705	0	12	0	0	0	0	0	0	0	0	0	0	0	0	0	0	0	0	0	0	0	0	0	0	0	0	0	0	0	0	0	0	0	0	0	0	0	0	0	0
seq706	0	0	0	0	0	0	0	0	0	0	0	0	0	0	0	0	0	0	0	0	12	0	0	0	0	0	0	0	0	0	0	0	0	0	0	0	0	0	0	0
seq707	0	0	0	0	0	0	0	0	0	0	0	0	0	0	0	0	0	0	0	0	0	0	0	0	0	0	0	0	0	0	12	0	0	0	0	0	0	0	0	0
seq708	0	0	0	0	0	0	0	0	0	0	0	0	0	0	0	0	0	0	0	0	0	0	12	0	0	0	0	0	0	0	0	0	0	0	0	0	0	0	0	0
seq709	0	0	0	0	0	0	0	0	0	0	0	0	0	0	0	0	0	0	0	0	0	0	0	0	0	0	0	0	0	0	0	0	0	0	0	0	12	0	0	0
seq71	47	56	198	0	218	85	77	42	102	134	11	0	32	0	182	141	29	118	246	22	0	295	0	0	0	70	0	0	160	37	255	473	84	112	11	0	424	231	146	19
seq710	0	0	0	0	0	0	0	0	0	0	0	0	0	0	0	0	0	0	0	0	0	0	12	0	0	0	0	0	0	0	0	0	0	0	0	0	0	0	0	0
seq711	0	0	0	0	0	0	0	0	0	0	0	0	0	0	0	0	0	0	0	0	0	0	0	0	0	0	0	0	0	0	0	0	0	0	0	0	0	0	12	0
seq712	0	0	0	0	0	0	0	0	0	0	0	0	0	0	0	0	0	0	0	0	0	0	0	0	0	0	0	0	0	0	0	12	0	0	0	0	0	0	0	0
seq713	0	0	0	0	0	0	0	12	0	0	0	0	0	0	0	0	0	0	0	0	0	0	0	0	0	0	0	0	0	0	0	0	0	0	0	0	0	0	0	0
seq714	0	0	0	0	0	12	0	0	0	0	0	0	0	0	0	0	0	0	0	0	0	0	0	0	0	0	0	0	0	0	0	0	0	0	0	0	0	0	0	0
seq715	0	0	12	0	0	0	0	0	0	0	0	0	0	0	0	0	0	0	0	0	0	0	0	0	0	0	0	0	0	0	0	0	0	0	0	0	0	0	0	0
seq716	0	0	0	0	0	0	0	0	0	0	0	0	0	0	0	0	0	0	0	0	0	0	0	0	0	0	0	0	0	12	0	0	0	0	0	0	0	0	0	0
seq717	0	0	0	0	0	0	12	0	0	0	0	0	0	0	0	0	0	0	0	0	0	0	0	0	0	0	0	0	0	0	0	0	0	0	0	0	0	0	0	0
seq718	0	0	0	0	0	0	0	0	0	0	0	0	0	0	0	0	0	0	0	0	0	0	0	0	0	0	0	0	0	0	0	0	0	12	0	0	0	0	0	0
seq719	0	0	0	0	0	0	0	0	0	0	0	0	0	0	0	0	0	0	0	0	0	0	0	0	0	0	0	0	0	0	0	0	12	0	0	0	0	0	0	0
seq72	95	310	91	196	1336	284	263	216	127	182	89	109	104	64	143	366	0	0	0	0	0	0	0	0	0	0	0	0	0	0	0	0	0	0	0	0	0	0	0	0
seq720	0	0	0	0	0	0	0	0	0	0	0	0	0	0	0	0	0	0	0	0	0	0	0	0	0	0	0	0	0	0	12	0	0	0	0	0	0	0	0	0
seq721	0	0	0	0	0	0	0	0	0	0	0	0	12	0	0	0	0	0	0	0	0	0	0	0	0	0	0	0	0	0	0	0	0	0	0	0	0	0	0	0
seq722	0	0	0	0	0	0	0	0	0	0	0	0	0	0	0	0	0	0	0	0	0	0	0	0	0	12	0	0	0	0	0	0	0	0	0	0	0	0	0	0
seq723	0	0	0	0	0	0	0	0	0	0	0	0	0	0	0	0	0	0	0	0	0	0	0	0	0	0	0	0	0	0	0	12	0	0	0	0	0	0	0	0
seq724	12	0	0	0	0	0	0	0	0	0	0	0	0	0	0	0	0	0	0	0	0	0	0	0	0	0	0	0	0	0	0	0	0	0	0	0	0	0	0	0
seq725	12	0	0	0	0	0	0	0	0	0	0	0	0	0	0	0	0	0	0	0	0	0	0	0	0	0	0	0	0	0	0	0	0	0	0	0	0	0	0	0
seq726	0	0	0	0	0	0	0	0	0	0	0	0	0	0	0	0	0	12	0	0	0	0	0	0	0	0	0	0	0	0	0	0	0	0	0	0	0	0	0	0
seq727	0	12	0	0	0	0	0	0	0	0	0	0	0	0	0	0	0	0	0	0	0	0	0	0	0	0	0	0	0	0	0	0	0	0	0	0	0	0	0	0
seq728	0	0	0	0	0	0	0	0	0	0	0	0	0	0	0	0	0	0	0	0	0	0	0	0	0	0	0	0	11	0	0	0	0	0	0	0	0	0	0	0
seq729	11	0	0	0	0	0	0	0	0	0	0	0	0	0	0	0	0	0	0	0	0	0	0	0	0	0	0	0	0	0	0	0	0	0	0	0	0	0	0	0
seq73	0	236	64	432	355	533	281	232	196	293	61	153	105	153	237	508	0	0	0	0	0	0	0	0	0	0	0	0	0	0	0	0	0	0	0	0	0	0	0	0
seq730	0	0	0	0	0	0	0	0	0	0	0	0	0	0	0	0	0	0	0	0	0	0	0	0	0	0	0	0	0	0	0	0	0	0	0	0	0	11	0	0
seq731	0	0	0	0	0	0	0	0	0	0	0	0	11	0	0	0	0	0	0	0	0	0	0	0	0	0	0	0	0	0	0	0	0	0	0	0	0	0	0	0
seq732	0	0	0	0	0	0	0	0	0	0	0	0	0	0	0	0	0	0	0	0	0	0	0	0	0	0	0	0	0	11	0	0	0	0	0	0	0	0	0	0
seq733	0	0	0	0	0	0	0	0	0	0	0	0	0	0	0	0	0	0	0	0	0	0	0	0	0	0	0	0	0	0	0	0	0	0	0	0	0	0	0	11
seq734	0	0	0	0	0	0	0	0	0	0	0	0	0	0	0	0	0	0	0	0	0	0	0	0	0	0	0	0	0	11	0	0	0	0	0	0	0	0	0	0
seq735	0	0	0	0	11	0	0	0	0	0	0	0	0	0	0	0	0	0	0	0	0	0	0	0	0	0	0	0	0	0	0	0	0	0	0	0	0	0	0	0
seq736	0	0	0	0	0	0	0	0	0	0	0	0	0	0	11	0	0	0	0	0	0	0	0	0	0	0	0	0	0	0	0	0	0	0	0	0	0	0	0	0
seq737	0	0	0	0	0	0	0	0	0	0	0	0	0	0	0	0	0	0	0	0	0	0	0	0	0	0	0	0	0	0	0	0	0	0	0	0	0	11	0	0
seq738	0	0	0	0	0	0	0	0	0	0	0	11	0	0	0	0	0	0	0	0	0	0	0	0	0	0	0	0	0	0	0	0	0	0	0	0	0	0	0	0
seq739	0	0	0	0	0	0	0	0	0	0	0	0	0	0	0	0	0	0	0	0	11	0	0	0	0	0	0	0	0	0	0	0	0	0	0	0	0	0	0	0
seq74	620	472	299	575	633	178	252	207	123	180	62	76	44	35	19	57	0	0	0	0	0	0	0	0	0	0	0	0	0	0	0	0	0	0	0	0	0	0	0	0
seq740	0	0	0	0	11	0	0	0	0	0	0	0	0	0	0	0	0	0	0	0	0	0	0	0	0	0	0	0	0	0	0	0	0	0	0	0	0	0	0	0
seq741	0	0	0	0	0	0	0	0	0	0	0	0	0	0	0	0	0	0	0	0	0	0	0	0	0	0	0	0	11	0	0	0	0	0	0	0	0	0	0	0
seq742	0	0	0	0	0	0	0	0	0	0	0	0	0	0	0	0	0	0	0	0	0	0	0	0	0	0	0	0	0	0	0	0	0	11	0	0	0	0	0	0
seq743	0	0	0	0	0	0	0	0	0	0	0	0	11	0	0	0	0	0	0	0	0	0	0	0	0	0	0	0	0	0	0	0	0	0	0	0	0	0	0	0
seq744	0	11	0	0	0	0	0	0	0	0	0	0	0	0	0	0	0	0	0	0	0	0	0	0	0	0	0	0	0	0	0	0	0	0	0	0	0	0	0	0
seq745	0	0	0	0	0	0	0	0	0	11	0	0	0	0	0	0	0	0	0	0	0	0	0	0	0	0	0	0	0	0	0	0	0	0	0	0	0	0	0	0
seq746	0	0	0	0	0	0	0	0	0	0	0	0	0	0	0	0	0	0	0	11	0	0	0	0	0	0	0	0	0	0	0	0	0	0	0	0	0	0	0	0
seq747	0	0	0	0	0	0	0	0	0	0	0	0	0	0	0	0	0	0	0	0	0	0	0	0	0	0	0	0	0	0	0	0	0	0	0	0	0	11	0	0
seq748	0	0	0	0	0	0	0	0	0	0	0	0	0	0	0	0	0	0	0	0	0	0	0	0	0	0	0	0	0	0	11	0	0	0	0	0	0	0	0	0
seq749	0	0	0	0	0	0	0	0	0	0	0	0	0	0	0	0	0	0	0	0	0	0	0	0	0	0	0	0	11	0	0	0	0	0	0	0	0	0	0	0
seq75	344	261	0	210	780	421	522	410	187	303	146	215	0	0	0	0	0	0	0	0	0	0	0	0	0	0	0	0	0	0	0	0	0	0	0	0	0	0	0	0
seq750	0	0	0	0	0	0	0	0	0	0	0	0	0	0	0	0	0	0	0	0	0	0	0	0	0	0	0	0	0	0	0	0	0	0	11	0	0	0	0	0
seq751	0	0	0	0	0	11	0	0	0	0	0	0	0	0	0	0	0	0	0	0	0	0	0	0	0	0	0	0	0	0	0	0	0	0	0	0	0	0	0	0
seq752	0	0	0	0	0	0	0	0	0	0	0	0	0	0	0	0	0	0	0	0	0	0	0	0	0	0	0	0	0	0	0	0	0	0	0	11	0	0	0	0
seq753	0	0	0	0	0	0	0	0	0	0	0	0	0	0	0	0	0	11	0	0	0	0	0	0	0	0	0	0	0	0	0	0	0	0	0	0	0	0	0	0
seq754	0	0	0	0	0	0	0	0	0	0	0	0	0	0	0	0	0	0	0	11	0	0	0	0	0	0	0	0	0	0	0	0	0	0	0	0	0	0	0	0
seq755	0	0	0	0	0	0	0	0	0	0	0	0	0	0	0	0	0	0	0	0	0	0	0	0	0	0	0	0	0	0	0	0	0	0	0	0	0	11	0	0
seq756	0	0	0	0	0	0	0	0	0	0	0	0	0	0	0	0	0	0	0	0	0	0	0	0	0	0	0	0	0	0	0	0	0	0	11	0	0	0	0	0
seq76	143	644	0	748	346	878	583	455	0	0	0	0	0	0	0	0	0	0	0	0	0	0	0	0	0	0	0	0	0	0	0	0	0	0	0	0	0	0	0	0
seq77	84	91	91	34	139	65	0	28	101	130	24	16	26	0	149	211	47	100	71	65	43	354	89	21	21	299	81	0	60	18	101	242	187	0	44	0	133	103	59	445
seq78	33	153	57	34	150	18	13	0	17	35	0	12	0	0	14	286	59	105	34	94	157	151	442	57	32	126	224	105	66	43	109	187	65	62	193	63	52	116	102	272
seq79	153	503	87	308	678	283	246	211	100	215	92	106	44	0	0	0	67	188	192	142	0	0	0	0	0	0	0	0	0	0	0	0	0	0	0	0	0	0	0	0
seq8	328	2195	1057	615	2709	821	156	186	1885	2649	822	53	292	0	1626	5552	867	1148	546	1152	426	1285	6401	250	115	699	932	451	497	73	648	1700	550	434	1104	272	2167	2519	662	2087
seq80	95	635	0	83	49	0	0	0	87	139	35	0	14	0	198	204	26	122	156	31	49	288	0	83	65	11	62	18	84	0	149	341	15	87	192	89	0	0	138	44
seq81	216	228	65	185	605	412	251	185	123	195	106	145	161	58	192	443	0	0	0	0	0	0	0	0	0	0	0	0	0	0	0	0	0	0	0	0	0	0	0	0
seq82	180	308	0	147	990	348	351	281	98	145	99	166	111	22	125	199	0	0	0	0	0	0	0	0	0	0	0	0	0	0	0	0	0	0	0	0	0	0	0	0
seq83	324	250	0	165	714	392	525	419	155	262	123	239	0	0	0	0	0	0	0	0	0	0	0	0	0	0	0	0	0	0	0	0	0	0	0	0	0	0	0	0
seq84	112	160	43	284	502	60	107	43	21	45	22	18	122	12	142	0	45	0	196	45	82	493	71	287	341	62	0	0	0	0	0	0	65	0	21	11	12	18	0	122
seq85	110	160	0	101	38	0	20	0	0	0	51	0	0	27	183	184	0	130	178	0	0	0	0	0	0	0	158	172	168	250	150	551	0	212	332	191	0	0	183	0
seq86	168	287	0	143	974	315	329	266	84	155	118	186	100	35	153	197	0	0	0	0	0	0	0	0	0	0	0	0	0	0	0	0	0	0	0	0	0	0	0	0
seq87	13	287	14	13	67	50	0	0	14	30	21	0	0	0	0	76	66	19	45	22	97	202	298	48	61	79	97	84	148	62	178	216	71	87	75	11	409	211	108	98
seq88	13	0	0	23	46	0	0	0	0	0	0	0	0	0	12	120	23	17	19	0	418	411	49	161	229	180	29	14	60	14	70	630	129	49	188	31	58	14	38	283
seq89	49	69	11	42	102	29	47	18	15	20	11	14	0	12	28	68	12	56	41	27	161	330	48	136	183	197	99	36	56	74	71	277	113	53	151	74	91	0	61	407
seq9	0	0	0	0	65	0	95	71	223	388	255	466	506	409	452	1624	0	0	46	33	393	5624	2003	2116	2883	312	1485	857	1021	1105	907	2098	279	2172	2835	2325	3530	840	2377	579
seq90	0	56	0	37	168	90	124	101	73	112	78	250	123	73	212	593	106	160	759	167	0	0	0	0	0	0	0	0	0	0	0	0	0	0	0	0	0	0	0	0
seq91	0	15	0	0	0	51	12	0	18	24	0	0	0	0	0	36	22	68	0	15	214	638	20	273	396	141	61	16	44	62	52	283	78	31	147	220	42	0	45	243
seq92	81	33	53	0	109	32	0	0	90	121	27	0	28	0	135	209	38	72	60	48	40	317	65	21	15	282	58	40	53	0	91	260	164	31	0	0	29	89	45	437
seq93	0	0	69	70	25	0	0	0	20	34	0	0	0	0	0	498	0	34	54	103	17	593	39	23	32	181	37	28	75	12	97	117	151	155	35	0	180	84	204	192
seq94	33	16	151	155	0	0	0	0	34	30	0	0	49	115	83	758	28	17	1653	16	0	0	0	0	0	0	0	0	0	0	0	0	0	0	0	0	0	0	0	0
seq95	0	114	0	0	88	0	0	0	71	80	0	0	0	0	48	145	83	80	0	84	78	66	814	0	0	0	161	95	107	0	123	232	30	61	117	0	112	205	44	84
seq96	114	267	38	396	117	42	168	191	110	161	97	134	239	146	246	566	0	0	0	0	0	0	0	0	0	0	0	0	0	0	0	0	0	0	0	0	0	0	0	0
seq97	65	60	109	17	212	24	0	0	286	490	41	16	45	0	243	271	40	101	155	91	0	23	37	0	0	20	21	25	133	20	115	99	16	62	0	0	22	50	87	0
seq98	177	306	68	157	191	22	0	0	85	129	43	22	32	0	259	134	107	105	59	52	57	54	194	24	27	22	23	17	63	0	63	68	19	32	59	42	49	64	60	95
seq99	28	71	66	0	68	26	11	14	72	90	0	0	30	0	191	444	15	61	56	82	11	95	127	15	0	80	40	33	66	12	98	371	57	53	67	18	111	114	98	112
